"","X1.x","sampledate","depth.x","o2.x","deck","light","frlight","avsnow","totice","whiteice","extcoef","blueice","surflite","Genus","Transect Cell Count","Magnification","Biovolume","CellBioVol","PerBioVol","# of Transects","Cell Count per cm2","Transect Length (cm)","Start XY","Taxa","WaterCol","Functional","X15","X16","X17","X18","X19","End XY","Notes","Field of View scope","Field of View #","Total Cell Count","Estimated Total","Estimated Mucilage Percent Coverage","X1.y","lakeid","year4","group","depth.y","ph","alk","dic","tic","doc","toc","no3no2","no2","nh4","o2.y","totnf","totnuf","totpf","totpuf","drsif"
"1",304,1997-01-14,0,12,NA,NA,NA,11,37,26,NA,11,NA,"TotalBiovolume",NA,NA,NA,58814.83928,NA,NA,NA,NA,"17105.9397",NA,NA,NA,NA,NA,NA,NA,NA,NA,NA,NA,NA,NA,NA,NA,5775,"SP",1997,"iceon",0,7.47,NA,"9.01","9.09","3.39","3.4",16,NA,84,12,"216","252",2,10,2646
"2",305,1997-02-17,0,11.3,NA,NA,NA,24.5,40,26,NA,14,NA,"TotalBiovolume",NA,NA,NA,1720.185234,NA,NA,NA,NA,NA,NA,NA,NA,NA,NA,NA,NA,NA,NA,NA,NA,NA,NA,NA,NA,5797,"SP",1997,"iceon",0,7.24,640,"8.89","8.97","3.65","3.62",47,NA,42,11.3,"262","309",3,4,2589
"3",307,1997-05-06,0,11.4,1446,1275,0.882,NA,NA,NA,NA,NA,0.881742738589212,"TotalBiovolume",NA,NA,NA,553601.7042,NA,NA,NA,NA,NA,NA,NA,NA,NA,NA,NA,NA,NA,NA,NA,NA,NA,NA,NA,NA,5841,"SP",1997,"iceoff",0,7.54,617,"8.5","8.72","3.12","3.28",24,NA,23,11.4,"160","222",0,22,2777
"4",310,1997-06-18,0,8.7,761,604.8,0.795,NA,NA,NA,NA,NA,0.794743758212878,"TotalBiovolume",NA,NA,NA,120852.7877,NA,NA,NA,NA,NA,NA,NA,NA,NA,NA,NA,NA,NA,NA,NA,NA,NA,NA,NA,NA,5904,"SP",1997,"iceoff",0,NA,NA,NA,NA,NA,NA,NA,NA,NA,8.7,NA,NA,NA,NA,NA
"5",315,1997-08-28,0,8.9,267,214.1,0.802,NA,NA,NA,NA,NA,0.80187265917603,"TotalBiovolume",NA,NA,NA,74003.74465,NA,NA,NA,NA,NA,NA,NA,NA,NA,NA,NA,NA,NA,NA,NA,NA,NA,NA,NA,NA,6005,"SP",1997,"iceoff",0,8.21,598,"7.85","7.96","3.59","3.71",0,NA,48,8.9,"92","96",1,3,2242
"6",320,1997-11-10,0,9.4,142,105.6,0.744,NA,NA,NA,NA,NA,0.743661971830986,"TotalBiovolume",NA,NA,NA,128833.4606,NA,NA,NA,NA,NA,NA,NA,NA,NA,NA,NA,NA,NA,NA,NA,NA,NA,NA,NA,NA,6109,"SP",1997,"iceoff",0,7.39,641,"8.58","8.74","3.29","3.5",2,NA,21,9.4,"43","40",3,9,2757
"7",322,1998-02-23,0,14,275,148,0.538,0,35,11,0.359,24,0.538181818181818,"TotalBiovolume",NA,NA,NA,189107.2736,NA,NA,NA,NA,NA,NA,NA,NA,NA,NA,NA,NA,NA,NA,NA,NA,NA,NA,NA,NA,6153,"SP",1998,"iceon",0,7.92,674,"8.14","8.26","3.3","3.27",92,NA,79,14,"311","276",5,6,2871
"8",324,1998-04-20,0,11.6,1336,1083,0.811,NA,NA,NA,NA,NA,0.81062874251497,"TotalBiovolume",NA,NA,NA,181669.4978,NA,NA,NA,NA,NA,NA,NA,NA,NA,NA,NA,NA,NA,NA,NA,NA,NA,NA,NA,NA,6196,"SP",1998,"iceoff",0,7.67,617,"8.25","8.51","3.34","3.07",1,NA,4,11.6,"234","270",4,10,2580
"9",328,1998-06-15,0,9.5,1359,1118,0.823,NA,NA,NA,NA,NA,0.822663723325975,"TotalBiovolume",NA,NA,NA,167909.7456,NA,NA,NA,NA,NA,NA,NA,NA,NA,NA,NA,NA,NA,NA,NA,NA,NA,NA,NA,NA,6278,"SP",1998,"iceoff",0,8.06,NA,"7.98","8.35","3.27","4.23",1,NA,7,9.5,"168","168",0,3,2396
"10",NA,1997-07-14,NA,NA,NA,NA,NA,NA,NA,NA,NA,NA,NA,"TotalBiovolume",NA,NA,NA,204417.0737,NA,NA,NA,NA,NA,NA,NA,NA,NA,NA,NA,NA,NA,NA,NA,NA,NA,NA,NA,NA,NA,NA,NA,NA,NA,NA,NA,NA,NA,NA,NA,NA,NA,NA,NA,NA,NA,NA,NA,NA
"11",332,1998-08-12,0,7.9,945,707,0.748,NA,NA,NA,NA,NA,0.748148148148148,"TotalBiovolume",NA,NA,NA,193824.5165,NA,NA,NA,NA,NA,NA,NA,NA,NA,NA,NA,NA,NA,NA,NA,NA,NA,NA,NA,NA,6360,"SP",1998,"iceoff",0,8.2,625,"8.25","8.26","3.53","3.53",2,NA,108,7.9,"171","210",2,3,2156
"12",333,1998-08-12,0,NA,NA,NA,NA,NA,NA,NA,NA,NA,NA,"TotalBiovolume",NA,NA,NA,193824.5165,NA,NA,NA,NA,NA,NA,NA,NA,NA,NA,NA,NA,NA,NA,NA,NA,NA,NA,NA,NA,6360,"SP",1998,"iceoff",0,8.2,625,"8.25","8.26","3.53","3.53",2,NA,108,7.9,"171","210",2,3,2156
"13",332,1998-08-12,0,7.9,945,707,0.748,NA,NA,NA,NA,NA,0.748148148148148,"TotalBiovolume",NA,NA,NA,193824.5165,NA,NA,NA,NA,NA,NA,NA,NA,NA,NA,NA,NA,NA,NA,NA,NA,NA,NA,NA,NA,6361,"SP",1998,"iceoff",0,7.95,622,"8.26","8.29","3.56","3.55",0,NA,13,7.9,"156","190",1,3,2731
"14",333,1998-08-12,0,NA,NA,NA,NA,NA,NA,NA,NA,NA,NA,"TotalBiovolume",NA,NA,NA,193824.5165,NA,NA,NA,NA,NA,NA,NA,NA,NA,NA,NA,NA,NA,NA,NA,NA,NA,NA,NA,NA,6361,"SP",1998,"iceoff",0,7.95,622,"8.26","8.29","3.56","3.55",0,NA,13,7.9,"156","190",1,3,2731
"15",332,1998-08-12,0,7.9,945,707,0.748,NA,NA,NA,NA,NA,0.748148148148148,"TotalBiovolume",NA,NA,NA,193824.5165,NA,NA,NA,NA,NA,NA,NA,NA,NA,NA,NA,NA,NA,NA,NA,NA,NA,NA,NA,NA,6362,"SP",1998,"iceoff",0,8.2,625,"8.25","8.26","3.53","3.53",2,NA,108,NA,"171","210",2,3,2156
"16",333,1998-08-12,0,NA,NA,NA,NA,NA,NA,NA,NA,NA,NA,"TotalBiovolume",NA,NA,NA,193824.5165,NA,NA,NA,NA,NA,NA,NA,NA,NA,NA,NA,NA,NA,NA,NA,NA,NA,NA,NA,NA,6362,"SP",1998,"iceoff",0,8.2,625,"8.25","8.26","3.53","3.53",2,NA,108,NA,"171","210",2,3,2156
"17",332,1998-08-12,0,7.9,945,707,0.748,NA,NA,NA,NA,NA,0.748148148148148,"TotalBiovolume",NA,NA,NA,193824.5165,NA,NA,NA,NA,NA,NA,NA,NA,NA,NA,NA,NA,NA,NA,NA,NA,NA,NA,NA,NA,6363,"SP",1998,"iceoff",0,7.95,622,"8.26","8.29","3.56","3.55",0,NA,13,NA,"156","190",1,3,2731
"18",333,1998-08-12,0,NA,NA,NA,NA,NA,NA,NA,NA,NA,NA,"TotalBiovolume",NA,NA,NA,193824.5165,NA,NA,NA,NA,NA,NA,NA,NA,NA,NA,NA,NA,NA,NA,NA,NA,NA,NA,NA,NA,6363,"SP",1998,"iceoff",0,7.95,622,"8.26","8.29","3.56","3.55",0,NA,13,NA,"156","190",1,3,2731
"19",340,1998-11-12,0,9.2,815,464.2,0.57,NA,NA,NA,NA,NA,0.569570552147239,"TotalBiovolume",NA,NA,NA,147520.6467,NA,NA,NA,NA,NA,NA,NA,NA,NA,NA,NA,NA,NA,NA,NA,NA,NA,NA,NA,NA,6483,"SP",1998,"iceoff",0,7.33,661,"9.18","9.18","3.68","3.52",2,NA,30,9.2,"219","240",5,12,2918
"20",342,1999-02-23,0,13.2,1262,9.66,0.008,9,41,14,NA,27,0.00765451664025357,"TotalBiovolume",NA,NA,NA,83274.68798,NA,NA,NA,NA,NA,NA,NA,NA,NA,NA,NA,NA,NA,NA,NA,NA,NA,NA,NA,NA,6526,"SP",1999,"iceon",0,7.54,731,"9.44","9.58","3.44","3.24",32,NA,72,13.2,"447","576",5,15,3068
"21",344,1999-05-04,0,12.2,1585,1104,0.697,NA,NA,NA,NA,NA,0.696529968454259,"TotalBiovolume",NA,NA,NA,227305.348,NA,NA,NA,NA,NA,NA,NA,NA,NA,NA,NA,NA,NA,NA,NA,NA,NA,NA,NA,NA,6570,"SP",1999,"iceoff",0,8.14,649,"8.37","8.61","2.99","2.89",0,NA,9,12.2,"147","117",4,29,2700
"22",348,1999-07-01,0,8.4,1745,1354.3,0.776,NA,NA,NA,NA,NA,0.776103151862464,"TotalBiovolume",NA,NA,NA,74952.73654,NA,NA,NA,NA,NA,NA,NA,NA,NA,NA,NA,NA,NA,NA,NA,NA,NA,NA,NA,NA,6654,"SP",1999,"iceoff",0,8.09,NA,"8.29","8.41","3.32","3.36",2,NA,7,8.4,"136","211",2,4,2555
"23",349,1999-07-01,0,NA,NA,NA,NA,NA,NA,NA,NA,NA,NA,"TotalBiovolume",NA,NA,NA,74952.73654,NA,NA,NA,NA,NA,NA,NA,NA,NA,NA,NA,NA,NA,NA,NA,NA,NA,NA,NA,NA,6654,"SP",1999,"iceoff",0,8.09,NA,"8.29","8.41","3.32","3.36",2,NA,7,8.4,"136","211",2,4,2555
"24",348,1999-07-01,0,8.4,1745,1354.3,0.776,NA,NA,NA,NA,NA,0.776103151862464,"TotalBiovolume",NA,NA,NA,74952.73654,NA,NA,NA,NA,NA,NA,NA,NA,NA,NA,NA,NA,NA,NA,NA,NA,NA,NA,NA,NA,6655,"SP",1999,"iceoff",0,8.1,NA,"8.38","8.47","3.3","3.67",1,NA,7,8.4,"131","181",1,4,2491
"25",349,1999-07-01,0,NA,NA,NA,NA,NA,NA,NA,NA,NA,NA,"TotalBiovolume",NA,NA,NA,74952.73654,NA,NA,NA,NA,NA,NA,NA,NA,NA,NA,NA,NA,NA,NA,NA,NA,NA,NA,NA,NA,6655,"SP",1999,"iceoff",0,8.1,NA,"8.38","8.47","3.3","3.67",1,NA,7,8.4,"131","181",1,4,2491
"26",348,1999-07-01,0,8.4,1745,1354.3,0.776,NA,NA,NA,NA,NA,0.776103151862464,"TotalBiovolume",NA,NA,NA,74952.73654,NA,NA,NA,NA,NA,NA,NA,NA,NA,NA,NA,NA,NA,NA,NA,NA,NA,NA,NA,NA,6656,"SP",1999,"iceoff",0,8.09,NA,"8.29","8.41","3.32","3.36",2,NA,7,NA,"136","211",2,4,2555
"27",349,1999-07-01,0,NA,NA,NA,NA,NA,NA,NA,NA,NA,NA,"TotalBiovolume",NA,NA,NA,74952.73654,NA,NA,NA,NA,NA,NA,NA,NA,NA,NA,NA,NA,NA,NA,NA,NA,NA,NA,NA,NA,6656,"SP",1999,"iceoff",0,8.09,NA,"8.29","8.41","3.32","3.36",2,NA,7,NA,"136","211",2,4,2555
"28",348,1999-07-01,0,8.4,1745,1354.3,0.776,NA,NA,NA,NA,NA,0.776103151862464,"TotalBiovolume",NA,NA,NA,74952.73654,NA,NA,NA,NA,NA,NA,NA,NA,NA,NA,NA,NA,NA,NA,NA,NA,NA,NA,NA,NA,6657,"SP",1999,"iceoff",0,8.1,NA,"8.38","8.47","3.3","3.67",1,NA,7,NA,"131","181",1,4,2491
"29",349,1999-07-01,0,NA,NA,NA,NA,NA,NA,NA,NA,NA,NA,"TotalBiovolume",NA,NA,NA,74952.73654,NA,NA,NA,NA,NA,NA,NA,NA,NA,NA,NA,NA,NA,NA,NA,NA,NA,NA,NA,NA,6657,"SP",1999,"iceoff",0,8.1,NA,"8.38","8.47","3.3","3.67",1,NA,7,NA,"131","181",1,4,2491
"30",354,1999-08-23,0,8,424,274.56,0.648,NA,NA,NA,NA,NA,0.647547169811321,"TotalBiovolume",NA,NA,NA,58570.67871,NA,NA,NA,NA,NA,NA,NA,NA,NA,NA,NA,NA,NA,NA,NA,NA,NA,NA,NA,NA,6738,"SP",1999,"iceoff",0,8.07,619,"8.27","8.31","3.66","3.47",2,NA,6,8,"178","223",4,5,2272
"31",359,1999-11-10,0,11.6,62,30.19,0.487,NA,NA,NA,NA,NA,0.486935483870968,"TotalBiovolume",NA,NA,NA,29393.12457,NA,NA,NA,NA,NA,NA,NA,NA,NA,NA,NA,NA,NA,NA,NA,NA,NA,NA,NA,NA,6844,"SP",1999,"iceoff",0,7.54,651,"8.57","8.66","3.34","3.27",1,NA,10,11.6,"212","223",5,9,2545
"32",361,2000-02-22,0,14.4,690,2.65,0.004,27.6,36,2,NA,34,0.00384057971014493,"TotalBiovolume",NA,NA,NA,19235.34559,NA,NA,NA,NA,NA,NA,NA,NA,NA,NA,NA,NA,NA,NA,NA,NA,NA,NA,NA,NA,6887,"SP",2000,"iceon",0,7.66,709,"9.61","9.62","3.21","3.16",2,NA,60,14.4,"226","282",6,9,2975
"33",362,2000-04-06,0,11.7,511,281.7,0.551,NA,NA,NA,NA,NA,0.551272015655577,"TotalBiovolume",NA,NA,NA,128642.492,NA,NA,NA,NA,NA,NA,NA,NA,NA,NA,NA,NA,NA,NA,NA,NA,NA,NA,NA,NA,6909,"SP",2000,"iceoff",0,7.42,645,"8.41","8.77","2.67","2.58",8,NA,12,11.7,"242","279",2,7,3007
"34",367,2000-05-30,0,9.7,271,152.4,0.562,NA,NA,NA,NA,NA,0.562361623616236,"TotalBiovolume",NA,NA,NA,306599.4631,NA,NA,NA,NA,NA,NA,NA,NA,NA,NA,NA,NA,NA,NA,NA,NA,NA,NA,NA,NA,6993,"SP",2000,"iceoff",0,8.16,NA,"8.48","8.62","3.31","3.22",2,NA,50,9.7,"171","249",1,4,2947
"35",373,2000-07-26,0,8.3,492,249.3,0.507,NA,NA,NA,NA,NA,0.506707317073171,"TotalBiovolume",NA,NA,NA,77778.75809,NA,NA,NA,NA,NA,NA,NA,NA,NA,NA,NA,NA,NA,NA,NA,NA,NA,NA,NA,NA,7077,"SP",2000,"iceoff",0,7.99,NA,"8.4","8.54","3.78","3.93",0,NA,9,8.3,"193","248",0,3,2138
"36",375,2000-08-21,0,8.8,1486,855,0.575,NA,NA,NA,NA,NA,0.575370121130552,"TotalBiovolume",NA,NA,NA,76589.00186,NA,NA,NA,NA,NA,NA,NA,NA,NA,NA,NA,NA,NA,NA,NA,NA,NA,NA,NA,NA,7122,"SP",2000,"iceoff",0,8.36,633,"8.2","8.34","4","4.22",1,NA,6,8.8,"214","191",4,3,2386
"37",381,2000-11-16,0,10.2,198,123.5,0.624,NA,NA,NA,NA,NA,0.623737373737374,"TotalBiovolume",NA,NA,NA,95748.80998,NA,NA,NA,NA,NA,NA,NA,NA,NA,NA,NA,NA,NA,NA,NA,NA,NA,NA,NA,NA,7248,"SP",2000,"iceoff",0,7.32,656,"9.06","8.95","3.35","3.45",5,NA,47,10.2,"226","268",3,9,2890
"38",383,2001-02-28,0,12.5,810,5.93,0.007,NA,NA,NA,NA,NA,0.00732098765432099,"TotalBiovolume",NA,NA,NA,21262.77994,NA,NA,NA,NA,NA,NA,NA,NA,NA,NA,NA,NA,NA,NA,NA,NA,NA,NA,NA,NA,7292,"SP",2001,"iceon",0,7.7,676,"8.62","8.76","3.16","2.93",4,NA,56,12.5,"293","266",4,14,2790
"39",384,2001-02-28,0,NA,NA,NA,NA,NA,NA,NA,NA,NA,NA,"TotalBiovolume",NA,NA,NA,21262.77994,NA,NA,NA,NA,NA,NA,NA,NA,NA,NA,NA,NA,NA,NA,NA,NA,NA,NA,NA,NA,7292,"SP",2001,"iceon",0,7.7,676,"8.62","8.76","3.16","2.93",4,NA,56,12.5,"293","266",4,14,2790
"40",383,2001-02-28,0,12.5,810,5.93,0.007,NA,NA,NA,NA,NA,0.00732098765432099,"TotalBiovolume",NA,NA,NA,21262.77994,NA,NA,NA,NA,NA,NA,NA,NA,NA,NA,NA,NA,NA,NA,NA,NA,NA,NA,NA,NA,7293,"SP",2001,"iceon",0,7.68,672,"8.54","8.84","3.19","2.94",8,NA,61,12.5,"243","297",3,14,3055
"41",384,2001-02-28,0,NA,NA,NA,NA,NA,NA,NA,NA,NA,NA,"TotalBiovolume",NA,NA,NA,21262.77994,NA,NA,NA,NA,NA,NA,NA,NA,NA,NA,NA,NA,NA,NA,NA,NA,NA,NA,NA,NA,7293,"SP",2001,"iceon",0,7.68,672,"8.54","8.84","3.19","2.94",8,NA,61,12.5,"243","297",3,14,3055
"42",383,2001-02-28,0,12.5,810,5.93,0.007,NA,NA,NA,NA,NA,0.00732098765432099,"TotalBiovolume",NA,NA,NA,21262.77994,NA,NA,NA,NA,NA,NA,NA,NA,NA,NA,NA,NA,NA,NA,NA,NA,NA,NA,NA,NA,7294,"SP",2001,"iceon",0,7.7,676,"8.62","8.76","3.16","2.93",4,NA,56,NA,"293","266",4,14,2790
"43",384,2001-02-28,0,NA,NA,NA,NA,NA,NA,NA,NA,NA,NA,"TotalBiovolume",NA,NA,NA,21262.77994,NA,NA,NA,NA,NA,NA,NA,NA,NA,NA,NA,NA,NA,NA,NA,NA,NA,NA,NA,NA,7294,"SP",2001,"iceon",0,7.7,676,"8.62","8.76","3.16","2.93",4,NA,56,NA,"293","266",4,14,2790
"44",383,2001-02-28,0,12.5,810,5.93,0.007,NA,NA,NA,NA,NA,0.00732098765432099,"TotalBiovolume",NA,NA,NA,21262.77994,NA,NA,NA,NA,NA,NA,NA,NA,NA,NA,NA,NA,NA,NA,NA,NA,NA,NA,NA,NA,7295,"SP",2001,"iceon",0,7.68,672,"8.54","8.84","3.19","2.94",8,NA,61,NA,"243","297",3,14,3055
"45",384,2001-02-28,0,NA,NA,NA,NA,NA,NA,NA,NA,NA,NA,"TotalBiovolume",NA,NA,NA,21262.77994,NA,NA,NA,NA,NA,NA,NA,NA,NA,NA,NA,NA,NA,NA,NA,NA,NA,NA,NA,NA,7295,"SP",2001,"iceon",0,7.68,672,"8.54","8.84","3.19","2.94",8,NA,61,NA,"243","297",3,14,3055
"46",386,2001-04-30,0,12.7,1698,1157,0.681,NA,NA,NA,NA,NA,0.681389870435807,"TotalBiovolume",NA,NA,NA,28410.14551,NA,NA,NA,NA,NA,NA,NA,NA,NA,NA,NA,NA,NA,NA,NA,NA,NA,NA,NA,NA,7336,"SP",2001,"iceoff",0,7.9,645,"8.49","8.8","3.46","3.26",13,NA,33,12.7,"131","198",4,10,2857
"47",387,2001-04-30,0,NA,NA,NA,NA,NA,NA,NA,NA,NA,NA,"TotalBiovolume",NA,NA,NA,28410.14551,NA,NA,NA,NA,NA,NA,NA,NA,NA,NA,NA,NA,NA,NA,NA,NA,NA,NA,NA,NA,7336,"SP",2001,"iceoff",0,7.9,645,"8.49","8.8","3.46","3.26",13,NA,33,12.7,"131","198",4,10,2857
"48",386,2001-04-30,0,12.7,1698,1157,0.681,NA,NA,NA,NA,NA,0.681389870435807,"TotalBiovolume",NA,NA,NA,28410.14551,NA,NA,NA,NA,NA,NA,NA,NA,NA,NA,NA,NA,NA,NA,NA,NA,NA,NA,NA,NA,7337,"SP",2001,"iceoff",0,7.91,646,"8.26","8.74","3.38","3.44",2,NA,2,12.7,"117","194",3,8,2923
"49",387,2001-04-30,0,NA,NA,NA,NA,NA,NA,NA,NA,NA,NA,"TotalBiovolume",NA,NA,NA,28410.14551,NA,NA,NA,NA,NA,NA,NA,NA,NA,NA,NA,NA,NA,NA,NA,NA,NA,NA,NA,NA,7337,"SP",2001,"iceoff",0,7.91,646,"8.26","8.74","3.38","3.44",2,NA,2,12.7,"117","194",3,8,2923
"50",386,2001-04-30,0,12.7,1698,1157,0.681,NA,NA,NA,NA,NA,0.681389870435807,"TotalBiovolume",NA,NA,NA,28410.14551,NA,NA,NA,NA,NA,NA,NA,NA,NA,NA,NA,NA,NA,NA,NA,NA,NA,NA,NA,NA,7338,"SP",2001,"iceoff",0,7.9,645,"8.49","8.8","3.46","3.26",13,NA,33,NA,"131","198",4,10,2857
"51",387,2001-04-30,0,NA,NA,NA,NA,NA,NA,NA,NA,NA,NA,"TotalBiovolume",NA,NA,NA,28410.14551,NA,NA,NA,NA,NA,NA,NA,NA,NA,NA,NA,NA,NA,NA,NA,NA,NA,NA,NA,NA,7338,"SP",2001,"iceoff",0,7.9,645,"8.49","8.8","3.46","3.26",13,NA,33,NA,"131","198",4,10,2857
"52",386,2001-04-30,0,12.7,1698,1157,0.681,NA,NA,NA,NA,NA,0.681389870435807,"TotalBiovolume",NA,NA,NA,28410.14551,NA,NA,NA,NA,NA,NA,NA,NA,NA,NA,NA,NA,NA,NA,NA,NA,NA,NA,NA,NA,7339,"SP",2001,"iceoff",0,7.91,646,"8.26","8.74","3.38","3.44",2,NA,2,NA,"117","194",3,8,2923
"53",387,2001-04-30,0,NA,NA,NA,NA,NA,NA,NA,NA,NA,NA,"TotalBiovolume",NA,NA,NA,28410.14551,NA,NA,NA,NA,NA,NA,NA,NA,NA,NA,NA,NA,NA,NA,NA,NA,NA,NA,NA,NA,7339,"SP",2001,"iceoff",0,7.91,646,"8.26","8.74","3.38","3.44",2,NA,2,NA,"117","194",3,8,2923
"54",389,2001-05-29,0,9.7,1564,1035,0.662,NA,NA,NA,NA,NA,0.661764705882353,"TotalBiovolume",NA,NA,NA,41235.72366,NA,NA,NA,NA,NA,NA,NA,NA,NA,NA,NA,NA,NA,NA,NA,NA,NA,NA,NA,NA,7378,"SP",2001,"iceoff",0,7.92,NA,"8.4","8.11","3.28","3.16",13,NA,5,9.7,"209","156",1,2,2592
"55",391,2001-06-26,0,10,1755,1285,0.732,NA,NA,NA,NA,NA,0.732193732193732,"TotalBiovolume",NA,NA,NA,134990.8154,NA,NA,NA,NA,NA,NA,NA,NA,NA,NA,NA,NA,NA,NA,"diatoms.org",NA,NA,NA,NA,NA,7421,"SP",2001,"iceoff",0,8.22,NA,"8.04","8.17","3.44","3.32",1,NA,5,10,"242","215",6,9,2536
"56",393,2001-07-24,0,8.4,1339,905,0.676,NA,NA,NA,NA,NA,0.675877520537715,"TotalBiovolume",NA,NA,NA,22145.11309,NA,NA,NA,NA,NA,NA,NA,NA,NA,NA,NA,NA,NA,NA,NA,NA,NA,NA,NA,NA,7463,"SP",2001,"iceoff",0,8.1,NA,"8.4","8.28","3.5","3.53",1,NA,1,8.4,"153","101",1,1,2649
"57",395,2001-08-20,0,8.4,671,435,0.648,NA,NA,NA,NA,NA,0.648286140089419,"TotalBiovolume",NA,NA,NA,29306.01224,NA,NA,NA,NA,NA,NA,NA,NA,NA,NA,NA,NA,NA,NA,NA,NA,NA,NA,NA,NA,7505,"SP",2001,"iceoff",0,8.13,655,"7.9","7.93","3.43","3.39",4,NA,54,8.4,"191","219",0,1,2649
"58",396,2001-08-20,0,NA,NA,NA,NA,NA,NA,NA,NA,NA,NA,"TotalBiovolume",NA,NA,NA,29306.01224,NA,NA,NA,NA,NA,NA,NA,NA,NA,NA,NA,NA,NA,NA,NA,NA,NA,NA,NA,NA,7505,"SP",2001,"iceoff",0,8.13,655,"7.9","7.93","3.43","3.39",4,NA,54,8.4,"191","219",0,1,2649
"59",395,2001-08-20,0,8.4,671,435,0.648,NA,NA,NA,NA,NA,0.648286140089419,"TotalBiovolume",NA,NA,NA,29306.01224,NA,NA,NA,NA,NA,NA,NA,NA,NA,NA,NA,NA,NA,NA,NA,NA,NA,NA,NA,NA,7506,"SP",2001,"iceoff",0,NA,646,"7.88","7.96","3.43","3.49",0,NA,0,8.4,"224","238",0,0,2771
"60",396,2001-08-20,0,NA,NA,NA,NA,NA,NA,NA,NA,NA,NA,"TotalBiovolume",NA,NA,NA,29306.01224,NA,NA,NA,NA,NA,NA,NA,NA,NA,NA,NA,NA,NA,NA,NA,NA,NA,NA,NA,NA,7506,"SP",2001,"iceoff",0,NA,646,"7.88","7.96","3.43","3.49",0,NA,0,8.4,"224","238",0,0,2771
"61",395,2001-08-20,0,8.4,671,435,0.648,NA,NA,NA,NA,NA,0.648286140089419,"TotalBiovolume",NA,NA,NA,29306.01224,NA,NA,NA,NA,NA,NA,NA,NA,NA,NA,NA,NA,NA,NA,NA,NA,NA,NA,NA,NA,7507,"SP",2001,"iceoff",0,8.13,655,"7.9","7.93","3.43","3.39",4,NA,54,NA,"191","219",0,1,2649
"62",396,2001-08-20,0,NA,NA,NA,NA,NA,NA,NA,NA,NA,NA,"TotalBiovolume",NA,NA,NA,29306.01224,NA,NA,NA,NA,NA,NA,NA,NA,NA,NA,NA,NA,NA,NA,NA,NA,NA,NA,NA,NA,7507,"SP",2001,"iceoff",0,8.13,655,"7.9","7.93","3.43","3.39",4,NA,54,NA,"191","219",0,1,2649
"63",395,2001-08-20,0,8.4,671,435,0.648,NA,NA,NA,NA,NA,0.648286140089419,"TotalBiovolume",NA,NA,NA,29306.01224,NA,NA,NA,NA,NA,NA,NA,NA,NA,NA,NA,NA,NA,NA,NA,NA,NA,NA,NA,NA,7508,"SP",2001,"iceoff",0,NA,646,"7.88","7.96","3.43","3.49",0,NA,0,NA,"224","238",0,0,2771
"64",396,2001-08-20,0,NA,NA,NA,NA,NA,NA,NA,NA,NA,NA,"TotalBiovolume",NA,NA,NA,29306.01224,NA,NA,NA,NA,NA,NA,NA,NA,NA,NA,NA,NA,NA,NA,NA,NA,NA,NA,NA,NA,7508,"SP",2001,"iceoff",0,NA,646,"7.88","7.96","3.43","3.49",0,NA,0,NA,"224","238",0,0,2771
"65",402,2001-11-15,0,10.5,214,95.2,0.445,NA,NA,NA,NA,NA,0.444859813084112,"TotalBiovolume",NA,NA,NA,139887.1505,NA,NA,NA,NA,NA,NA,NA,NA,NA,NA,NA,NA,NA,NA,NA,NA,NA,NA,NA,NA,7631,"SP",2001,"iceoff",0,7.54,664,"8.96","9.03","3.37","3.32",28,NA,43,10.5,"188","196",7,11,2959
"66",404,2002-02-28,0,15.4,622,35.5,0.057,1.6,38,11,0.267,27,0.0570739549839228,"TotalBiovolume",NA,NA,NA,52925.62857,NA,NA,NA,NA,NA,NA,NA,NA,NA,NA,NA,NA,NA,NA,NA,NA,NA,NA,NA,NA,7674,"SP",2002,"iceon",0,8.1,705,"9.01","9.14","3.35","3.28",22,NA,10,15.4,"350","327",3,2,3057
"67",406,2002-04-23,0,11.7,671,335.9,0.501,NA,NA,NA,NA,NA,0.500596125186289,"TotalBiovolume",NA,NA,NA,127889.5355,NA,NA,NA,NA,NA,NA,NA,NA,NA,NA,NA,NA,NA,NA,NA,NA,NA,NA,NA,NA,7719,"SP",2002,"iceoff",0,7.29,634,"8.73","8.97","3.01","2.91",59,NA,33,11.7,"302","311",11,21,2877
"68",407,2002-04-23,0,NA,NA,NA,NA,NA,NA,NA,NA,NA,NA,"TotalBiovolume",NA,NA,NA,127889.5355,NA,NA,NA,NA,NA,NA,NA,NA,NA,NA,NA,NA,NA,NA,NA,NA,NA,NA,NA,NA,7719,"SP",2002,"iceoff",0,7.29,634,"8.73","8.97","3.01","2.91",59,NA,33,11.7,"302","311",11,21,2877
"69",406,2002-04-23,0,11.7,671,335.9,0.501,NA,NA,NA,NA,NA,0.500596125186289,"TotalBiovolume",NA,NA,NA,127889.5355,NA,NA,NA,NA,NA,NA,NA,NA,NA,NA,NA,NA,NA,NA,NA,NA,NA,NA,NA,NA,7720,"SP",2002,"iceoff",0,7.28,611,"8.66","8.96","2.91","2.92",62,NA,43,11.7,"297","307",11,18,1860
"70",407,2002-04-23,0,NA,NA,NA,NA,NA,NA,NA,NA,NA,NA,"TotalBiovolume",NA,NA,NA,127889.5355,NA,NA,NA,NA,NA,NA,NA,NA,NA,NA,NA,NA,NA,NA,NA,NA,NA,NA,NA,NA,7720,"SP",2002,"iceoff",0,7.28,611,"8.66","8.96","2.91","2.92",62,NA,43,11.7,"297","307",11,18,1860
"71",406,2002-04-23,0,11.7,671,335.9,0.501,NA,NA,NA,NA,NA,0.500596125186289,"TotalBiovolume",NA,NA,NA,127889.5355,NA,NA,NA,NA,NA,NA,NA,NA,NA,NA,NA,NA,NA,NA,NA,NA,NA,NA,NA,NA,7721,"SP",2002,"iceoff",0,7.29,634,"8.73","8.97","3.01","2.91",59,NA,33,NA,"302","311",11,21,2877
"72",407,2002-04-23,0,NA,NA,NA,NA,NA,NA,NA,NA,NA,NA,"TotalBiovolume",NA,NA,NA,127889.5355,NA,NA,NA,NA,NA,NA,NA,NA,NA,NA,NA,NA,NA,NA,NA,NA,NA,NA,NA,NA,7721,"SP",2002,"iceoff",0,7.29,634,"8.73","8.97","3.01","2.91",59,NA,33,NA,"302","311",11,21,2877
"73",406,2002-04-23,0,11.7,671,335.9,0.501,NA,NA,NA,NA,NA,0.500596125186289,"TotalBiovolume",NA,NA,NA,127889.5355,NA,NA,NA,NA,NA,NA,NA,NA,NA,NA,NA,NA,NA,NA,NA,NA,NA,NA,NA,NA,7722,"SP",2002,"iceoff",0,7.28,611,"8.66","8.96","2.91","2.92",62,NA,43,NA,"297","307",11,18,1860
"74",407,2002-04-23,0,NA,NA,NA,NA,NA,NA,NA,NA,NA,NA,"TotalBiovolume",NA,NA,NA,127889.5355,NA,NA,NA,NA,NA,NA,NA,NA,NA,NA,NA,NA,NA,NA,NA,NA,NA,NA,NA,NA,7722,"SP",2002,"iceoff",0,7.28,611,"8.66","8.96","2.91","2.92",62,NA,43,NA,"297","307",11,18,1860
"75",411,2002-06-19,0,9.1,679,371.3,0.547,NA,NA,NA,NA,NA,0.546833578792342,"TotalBiovolume",NA,NA,NA,114042.3605,NA,NA,NA,NA,NA,NA,NA,NA,NA,NA,NA,NA,NA,NA,"Some sort of bluegreen in the family Chroococolaes.  Same as ?17",NA,NA,NA,NA,NA,7803,"SP",2002,"iceoff",0,7.97,NA,"8.09","8.06","3.4","3.6",2,NA,12,9.1,"267","302",6,7,2510
"76",413,2002-07-17,0,7.9,985,607.3,0.617,NA,NA,NA,NA,NA,0.616548223350254,"TotalBiovolume",NA,NA,NA,72801.22226,NA,NA,NA,NA,NA,NA,NA,NA,NA,NA,NA,NA,NA,NA,NA,NA,NA,NA,NA,NA,7845,"SP",2002,"iceoff",0,8.11,NA,"8.33","8.36","3.45","3.39",11,NA,5,7.9,"111","126",5,6,2455
"77",415,2002-08-14,0,8.3,1883,1249,0.663,NA,NA,NA,NA,NA,0.663303239511418,"TotalBiovolume",NA,NA,NA,45852.44843,NA,NA,NA,NA,NA,NA,NA,NA,NA,NA,NA,NA,NA,NA,NA,NA,NA,NA,NA,NA,7887,"SP",2002,"iceoff",0,8.42,655,"8.32","8.48","3.75","3.79",3,NA,9,8.3,"268","290",3,9,2428
"78",416,2002-08-14,0,NA,NA,NA,NA,NA,NA,NA,NA,NA,NA,"TotalBiovolume",NA,NA,NA,45852.44843,NA,NA,NA,NA,NA,NA,NA,NA,NA,NA,NA,NA,NA,NA,NA,NA,NA,NA,NA,NA,7887,"SP",2002,"iceoff",0,8.42,655,"8.32","8.48","3.75","3.79",3,NA,9,8.3,"268","290",3,9,2428
"79",415,2002-08-14,0,8.3,1883,1249,0.663,NA,NA,NA,NA,NA,0.663303239511418,"TotalBiovolume",NA,NA,NA,45852.44843,NA,NA,NA,NA,NA,NA,NA,NA,NA,NA,NA,NA,NA,NA,NA,NA,NA,NA,NA,NA,7888,"SP",2002,"iceoff",0,8.37,650,"8.35","8.48","3.67","3.54",0,NA,9,8.3,"227","243",3,6,2428
"80",416,2002-08-14,0,NA,NA,NA,NA,NA,NA,NA,NA,NA,NA,"TotalBiovolume",NA,NA,NA,45852.44843,NA,NA,NA,NA,NA,NA,NA,NA,NA,NA,NA,NA,NA,NA,NA,NA,NA,NA,NA,NA,7888,"SP",2002,"iceoff",0,8.37,650,"8.35","8.48","3.67","3.54",0,NA,9,8.3,"227","243",3,6,2428
"81",415,2002-08-14,0,8.3,1883,1249,0.663,NA,NA,NA,NA,NA,0.663303239511418,"TotalBiovolume",NA,NA,NA,45852.44843,NA,NA,NA,NA,NA,NA,NA,NA,NA,NA,NA,NA,NA,NA,NA,NA,NA,NA,NA,NA,7889,"SP",2002,"iceoff",0,8.42,655,"8.32","8.48","3.75","3.79",3,NA,9,NA,"268","290",3,9,2428
"82",416,2002-08-14,0,NA,NA,NA,NA,NA,NA,NA,NA,NA,NA,"TotalBiovolume",NA,NA,NA,45852.44843,NA,NA,NA,NA,NA,NA,NA,NA,NA,NA,NA,NA,NA,NA,NA,NA,NA,NA,NA,NA,7889,"SP",2002,"iceoff",0,8.42,655,"8.32","8.48","3.75","3.79",3,NA,9,NA,"268","290",3,9,2428
"83",415,2002-08-14,0,8.3,1883,1249,0.663,NA,NA,NA,NA,NA,0.663303239511418,"TotalBiovolume",NA,NA,NA,45852.44843,NA,NA,NA,NA,NA,NA,NA,NA,NA,NA,NA,NA,NA,NA,NA,NA,NA,NA,NA,NA,7890,"SP",2002,"iceoff",0,8.37,650,"8.35","8.48","3.67","3.54",0,NA,9,NA,"227","243",3,6,2428
"84",416,2002-08-14,0,NA,NA,NA,NA,NA,NA,NA,NA,NA,NA,"TotalBiovolume",NA,NA,NA,45852.44843,NA,NA,NA,NA,NA,NA,NA,NA,NA,NA,NA,NA,NA,NA,NA,NA,NA,NA,NA,NA,7890,"SP",2002,"iceoff",0,8.37,650,"8.35","8.48","3.67","3.54",0,NA,9,NA,"227","243",3,6,2428
"85",423,2002-11-07,0,10,435,234.5,0.539,NA,NA,NA,NA,NA,0.539080459770115,"TotalBiovolume",NA,NA,NA,79280.51352,NA,NA,NA,NA,NA,NA,NA,NA,NA,NA,NA,NA,NA,NA,NA,NA,NA,NA,NA,NA,8013,"SP",2002,"iceoff",0,7.39,665,"8.66","8.73","3.27","3.12",7,NA,43,10,"222","256",5,13,3131
"86",424,2002-11-07,0,NA,NA,NA,NA,NA,NA,NA,NA,NA,NA,"TotalBiovolume",NA,NA,NA,79280.51352,NA,NA,NA,NA,NA,NA,NA,NA,NA,NA,NA,NA,NA,NA,NA,NA,NA,NA,NA,NA,8013,"SP",2002,"iceoff",0,7.39,665,"8.66","8.73","3.27","3.12",7,NA,43,10,"222","256",5,13,3131
"87",423,2002-11-07,0,10,435,234.5,0.539,NA,NA,NA,NA,NA,0.539080459770115,"TotalBiovolume",NA,NA,NA,79280.51352,NA,NA,NA,NA,NA,NA,NA,NA,NA,NA,NA,NA,NA,NA,NA,NA,NA,NA,NA,NA,8014,"SP",2002,"iceoff",0,7.4,661,"8.66","8.74","3.28","3.16",3,NA,30,10,"218","256",4,10,3067
"88",424,2002-11-07,0,NA,NA,NA,NA,NA,NA,NA,NA,NA,NA,"TotalBiovolume",NA,NA,NA,79280.51352,NA,NA,NA,NA,NA,NA,NA,NA,NA,NA,NA,NA,NA,NA,NA,NA,NA,NA,NA,NA,8014,"SP",2002,"iceoff",0,7.4,661,"8.66","8.74","3.28","3.16",3,NA,30,10,"218","256",4,10,3067
"89",423,2002-11-07,0,10,435,234.5,0.539,NA,NA,NA,NA,NA,0.539080459770115,"TotalBiovolume",NA,NA,NA,79280.51352,NA,NA,NA,NA,NA,NA,NA,NA,NA,NA,NA,NA,NA,NA,NA,NA,NA,NA,NA,NA,8015,"SP",2002,"iceoff",0,7.39,665,"8.66","8.73","3.27","3.12",7,NA,43,NA,"222","256",5,13,3131
"90",424,2002-11-07,0,NA,NA,NA,NA,NA,NA,NA,NA,NA,NA,"TotalBiovolume",NA,NA,NA,79280.51352,NA,NA,NA,NA,NA,NA,NA,NA,NA,NA,NA,NA,NA,NA,NA,NA,NA,NA,NA,NA,8015,"SP",2002,"iceoff",0,7.39,665,"8.66","8.73","3.27","3.12",7,NA,43,NA,"222","256",5,13,3131
"91",423,2002-11-07,0,10,435,234.5,0.539,NA,NA,NA,NA,NA,0.539080459770115,"TotalBiovolume",NA,NA,NA,79280.51352,NA,NA,NA,NA,NA,NA,NA,NA,NA,NA,NA,NA,NA,NA,NA,NA,NA,NA,NA,NA,8016,"SP",2002,"iceoff",0,7.4,661,"8.66","8.74","3.28","3.16",3,NA,30,NA,"218","256",4,10,3067
"92",424,2002-11-07,0,NA,NA,NA,NA,NA,NA,NA,NA,NA,NA,"TotalBiovolume",NA,NA,NA,79280.51352,NA,NA,NA,NA,NA,NA,NA,NA,NA,NA,NA,NA,NA,NA,NA,NA,NA,NA,NA,NA,8016,"SP",2002,"iceoff",0,7.4,661,"8.66","8.74","3.28","3.16",3,NA,30,NA,"218","256",4,10,3067
"93",426,2003-03-06,0,14.2,1236,13.97,0.011,17.5,61,0,0.238,61,0.0113025889967638,"TotalBiovolume",NA,NA,NA,39769.15413,NA,NA,NA,NA,NA,NA,NA,NA,NA,NA,NA,NA,NA,NA,NA,NA,NA,NA,NA,NA,8057,"SP",2003,"iceon",0,7.7,763,"10.32","10.71","4.08","4.14",33,NA,149,14.2,"379","312",7,10,2904
"94",429,2003-04-29,0,12,642,428.1,0.667,NA,NA,NA,NA,NA,0.666822429906542,"TotalBiovolume",NA,NA,NA,69635.17216,1,NA,NA,NA,NA,NA,NA,NA,NA,NA,NA,NA,NA,NA,NA,NA,NA,NA,NA,NA,8101,"SP",2003,"iceoff",0,7.5,640,"8.61","8.81","3.24","3.13",7,NA,36,12,"401","428",9,10,2603
"95",434,2003-06-23,0,8.8,288,155.6,0.54,NA,NA,NA,NA,NA,0.540277777777778,"TotalBiovolume",NA,NA,NA,53497.5692,NA,NA,NA,NA,NA,NA,NA,NA,NA,NA,NA,NA,NA,NA,NA,NA,NA,NA,NA,NA,8185,"SP",2003,"iceoff",0,7.99,NA,"7.94","8.02","3.94","3.97",3,NA,14,8.8,"184","256",3,4,2318
"96",436,2003-07-21,0,8.5,625,361.4,0.578,NA,NA,NA,NA,NA,0.57824,"TotalBiovolume",NA,NA,NA,76879.44305,NA,NA,NA,NA,NA,NA,NA,NA,NA,NA,NA,NA,NA,NA,NA,NA,NA,NA,NA,NA,8228,"SP",2003,"iceoff",0,7.94,NA,"8.26","8.32","3.61","3.54",1,NA,7,8.5,"172","195",2,3,2106
"97",438,2003-08-20,0,8,745,399.6,0.536,NA,NA,NA,NA,NA,0.536375838926175,"TotalBiovolume",NA,NA,NA,70854.36054,NA,NA,NA,NA,NA,NA,NA,NA,NA,NA,NA,NA,NA,NA,NA,NA,NA,NA,NA,NA,8270,"SP",2003,"iceoff",0,8.33,643,"8.35","8.35","3.97","3.79",0,NA,11,8,"186","213",3,4,1890
"98",444,2003-11-13,0,10.5,544,272.6,0.501,NA,NA,NA,NA,NA,0.501102941176471,"TotalBiovolume",NA,NA,NA,102362.2103,NA,NA,NA,NA,NA,NA,NA,NA,NA,NA,NA,NA,NA,NA,NA,NA,NA,NA,NA,NA,8396,"SP",2003,"iceoff",0,7.26,672,"7.33","6.92","5.27","5.54",3,NA,25,10.5,"306","258",3,7,2569
"99",447,2004-02-18,0,12.8,906,0,0,29.7,42,7,NA,35,0,"TotalBiovolume",NA,NA,NA,9708.792357,NA,NA,NA,NA,NA,NA,NA,NA,NA,NA,NA,NA,NA,NA,NA,NA,NA,NA,NA,NA,8440,"SP",2004,"iceon",0,7.39,733,"10.06","10.01","3.39","3.33",33,NA,37,12.8,"282","296",3,7,2956
"100",449,2004-04-30,0,11.2,NA,NA,NA,NA,NA,NA,NA,NA,NA,"TotalBiovolume",NA,NA,NA,124704.1185,NA,NA,NA,NA,NA,NA,NA,NA,NA,NA,NA,NA,NA,NA,NA,NA,NA,NA,NA,NA,8484,"SP",2004,"iceoff",0,7.47,637,"8.78","8.94","3.19","3.2",57,NA,13,11.2,"334","325",11,10,2841
"101",453,2004-06-22,0,9.4,573,269.6,0.471,NA,NA,NA,NA,NA,0.470506108202443,"TotalBiovolume",NA,NA,NA,80990.95401,NA,NA,NA,NA,"94.9, 38.1",NA,NA,NA,NA,NA,NA,NA,NA,"111.7, 38.1",NA,"Full",NA,NA,NA,NA,8568,"SP",2004,"iceoff",0,8.13,NA,"8.21","8.31","3.55","3.47",1,NA,39,9.4,"239","239",1,5,2405
"102",455,2004-07-21,0,8.7,224,145.6,0.65,NA,NA,NA,NA,NA,0.65,"TotalBiovolume",NA,NA,NA,38911.84667,NA,NA,NA,NA,NA,NA,NA,NA,NA,NA,NA,NA,NA,NA,NA,NA,NA,NA,NA,NA,8610,"SP",2004,"iceoff",0,7.96,NA,"8.43","8.37","3.82","3.53",1,NA,20,8.7,"201","234",1,3,2519
"103",457,2004-08-16,0,8.9,650,562.5,0.865,NA,NA,NA,NA,NA,0.865384615384615,"TotalBiovolume",NA,NA,NA,34815.18089,NA,NA,NA,NA,NA,NA,NA,NA,NA,NA,NA,NA,NA,NA,NA,NA,NA,NA,NA,NA,8652,"SP",2004,"iceoff",0,8.25,642,"8.28","8.2","3.65","3.65",0,NA,47,8.9,"221","211",2,5,2461
"104",458,2004-08-16,0,NA,NA,NA,NA,NA,NA,NA,NA,NA,NA,"TotalBiovolume",NA,NA,NA,34815.18089,NA,NA,NA,NA,NA,NA,NA,NA,NA,NA,NA,NA,NA,NA,NA,NA,NA,NA,NA,NA,8652,"SP",2004,"iceoff",0,8.25,642,"8.28","8.2","3.65","3.65",0,NA,47,8.9,"221","211",2,5,2461
"105",457,2004-08-16,0,8.9,650,562.5,0.865,NA,NA,NA,NA,NA,0.865384615384615,"TotalBiovolume",NA,NA,NA,34815.18089,NA,NA,NA,NA,NA,NA,NA,NA,NA,NA,NA,NA,NA,NA,NA,NA,NA,NA,NA,NA,8653,"SP",2004,"iceoff",0,8.15,680,"8.15","8.2","3.59","3.52",1,NA,40,8.9,"226","191",4,6,2461
"106",458,2004-08-16,0,NA,NA,NA,NA,NA,NA,NA,NA,NA,NA,"TotalBiovolume",NA,NA,NA,34815.18089,NA,NA,NA,NA,NA,NA,NA,NA,NA,NA,NA,NA,NA,NA,NA,NA,NA,NA,NA,NA,8653,"SP",2004,"iceoff",0,8.15,680,"8.15","8.2","3.59","3.52",1,NA,40,8.9,"226","191",4,6,2461
"107",457,2004-08-16,0,8.9,650,562.5,0.865,NA,NA,NA,NA,NA,0.865384615384615,"TotalBiovolume",NA,NA,NA,34815.18089,NA,NA,NA,NA,NA,NA,NA,NA,NA,NA,NA,NA,NA,NA,NA,NA,NA,NA,NA,NA,8654,"SP",2004,"iceoff",0,8.25,642,"8.28","8.2","3.65","3.65",0,NA,47,NA,"221","211",2,5,2461
"108",458,2004-08-16,0,NA,NA,NA,NA,NA,NA,NA,NA,NA,NA,"TotalBiovolume",NA,NA,NA,34815.18089,NA,NA,NA,NA,NA,NA,NA,NA,NA,NA,NA,NA,NA,NA,NA,NA,NA,NA,NA,NA,8654,"SP",2004,"iceoff",0,8.25,642,"8.28","8.2","3.65","3.65",0,NA,47,NA,"221","211",2,5,2461
"109",457,2004-08-16,0,8.9,650,562.5,0.865,NA,NA,NA,NA,NA,0.865384615384615,"TotalBiovolume",NA,NA,NA,34815.18089,NA,NA,NA,NA,NA,NA,NA,NA,NA,NA,NA,NA,NA,NA,NA,NA,NA,NA,NA,NA,8655,"SP",2004,"iceoff",0,8.15,680,"8.15","8.2","3.59","3.52",1,NA,40,NA,"226","191",4,6,2461
"110",458,2004-08-16,0,NA,NA,NA,NA,NA,NA,NA,NA,NA,NA,"TotalBiovolume",NA,NA,NA,34815.18089,NA,NA,NA,NA,NA,NA,NA,NA,NA,NA,NA,NA,NA,NA,NA,NA,NA,NA,NA,NA,8655,"SP",2004,"iceoff",0,8.15,680,"8.15","8.2","3.59","3.52",1,NA,40,NA,"226","191",4,6,2461
"111",464,2004-11-10,0,9.8,31,21.39,0.69,NA,NA,NA,NA,NA,0.69,"TotalBiovolume",NA,NA,NA,40141.8149,NA,NA,NA,NA,NA,NA,NA,NA,NA,NA,NA,NA,NA,NA,NA,NA,NA,NA,NA,NA,8775,"SP",2004,"iceoff",0,7.41,652,"8.55","8.7","3.14","3.12",12,NA,55,9.8,"177","226",3,8,2783
"112",465,2004-11-10,0,NA,NA,NA,NA,NA,NA,NA,NA,NA,NA,"TotalBiovolume",NA,NA,NA,40141.8149,NA,NA,NA,NA,NA,NA,NA,NA,NA,NA,NA,NA,NA,NA,NA,NA,NA,NA,NA,NA,8775,"SP",2004,"iceoff",0,7.41,652,"8.55","8.7","3.14","3.12",12,NA,55,9.8,"177","226",3,8,2783
"113",464,2004-11-10,0,9.8,31,21.39,0.69,NA,NA,NA,NA,NA,0.69,"TotalBiovolume",NA,NA,NA,40141.8149,NA,NA,NA,NA,NA,NA,NA,NA,NA,NA,NA,NA,NA,NA,NA,NA,NA,NA,NA,NA,8776,"SP",2004,"iceoff",0,7.41,636,"8.51","8.68","3.04","3.08",6,NA,22,9.8,"205","237",4,8,2783
"114",465,2004-11-10,0,NA,NA,NA,NA,NA,NA,NA,NA,NA,NA,"TotalBiovolume",NA,NA,NA,40141.8149,NA,NA,NA,NA,NA,NA,NA,NA,NA,NA,NA,NA,NA,NA,NA,NA,NA,NA,NA,NA,8776,"SP",2004,"iceoff",0,7.41,636,"8.51","8.68","3.04","3.08",6,NA,22,9.8,"205","237",4,8,2783
"115",464,2004-11-10,0,9.8,31,21.39,0.69,NA,NA,NA,NA,NA,0.69,"TotalBiovolume",NA,NA,NA,40141.8149,NA,NA,NA,NA,NA,NA,NA,NA,NA,NA,NA,NA,NA,NA,NA,NA,NA,NA,NA,NA,8777,"SP",2004,"iceoff",0,7.41,652,"8.55","8.7","3.14","3.12",12,NA,55,NA,"177","226",3,8,2783
"116",465,2004-11-10,0,NA,NA,NA,NA,NA,NA,NA,NA,NA,NA,"TotalBiovolume",NA,NA,NA,40141.8149,NA,NA,NA,NA,NA,NA,NA,NA,NA,NA,NA,NA,NA,NA,NA,NA,NA,NA,NA,NA,8777,"SP",2004,"iceoff",0,7.41,652,"8.55","8.7","3.14","3.12",12,NA,55,NA,"177","226",3,8,2783
"117",464,2004-11-10,0,9.8,31,21.39,0.69,NA,NA,NA,NA,NA,0.69,"TotalBiovolume",NA,NA,NA,40141.8149,NA,NA,NA,NA,NA,NA,NA,NA,NA,NA,NA,NA,NA,NA,NA,NA,NA,NA,NA,NA,8778,"SP",2004,"iceoff",0,7.41,636,"8.51","8.68","3.04","3.08",6,NA,22,NA,"205","237",4,8,2783
"118",465,2004-11-10,0,NA,NA,NA,NA,NA,NA,NA,NA,NA,NA,"TotalBiovolume",NA,NA,NA,40141.8149,NA,NA,NA,NA,NA,NA,NA,NA,NA,NA,NA,NA,NA,NA,NA,NA,NA,NA,NA,NA,8778,"SP",2004,"iceoff",0,7.41,636,"8.51","8.68","3.04","3.08",6,NA,22,NA,"205","237",4,8,2783
"119",469,2005-04-20,0,12.2,381,290.53,0.763,NA,NA,NA,NA,NA,0.76254593175853,"TotalBiovolume",NA,NA,NA,120897.0379,NA,NA,NA,NA,NA,NA,NA,NA,NA,NA,NA,NA,NA,NA,NA,NA,NA,NA,NA,NA,8862,"SP",2005,"iceoff",0,7.65,620,"8.29","8.47","3.04","2.98",2,NA,5,12.2,"167","201",3,7,2943
"120",470,2005-04-20,0,NA,NA,NA,NA,NA,NA,NA,NA,NA,NA,"TotalBiovolume",NA,NA,NA,120897.0379,NA,NA,NA,NA,NA,NA,NA,NA,NA,NA,NA,NA,NA,NA,NA,NA,NA,NA,NA,NA,8862,"SP",2005,"iceoff",0,7.65,620,"8.29","8.47","3.04","2.98",2,NA,5,12.2,"167","201",3,7,2943
"121",469,2005-04-20,0,12.2,381,290.53,0.763,NA,NA,NA,NA,NA,0.76254593175853,"TotalBiovolume",NA,NA,NA,120897.0379,NA,NA,NA,NA,NA,NA,NA,NA,NA,NA,NA,NA,NA,NA,NA,NA,NA,NA,NA,NA,8863,"SP",2005,"iceoff",0,7.65,616,"8.31",NA,"3.02",NA,3,NA,10,12.2,"197","197",3,7,2866
"122",470,2005-04-20,0,NA,NA,NA,NA,NA,NA,NA,NA,NA,NA,"TotalBiovolume",NA,NA,NA,120897.0379,NA,NA,NA,NA,NA,NA,NA,NA,NA,NA,NA,NA,NA,NA,NA,NA,NA,NA,NA,NA,8863,"SP",2005,"iceoff",0,7.65,616,"8.31",NA,"3.02",NA,3,NA,10,12.2,"197","197",3,7,2866
"123",469,2005-04-20,0,12.2,381,290.53,0.763,NA,NA,NA,NA,NA,0.76254593175853,"TotalBiovolume",NA,NA,NA,120897.0379,NA,NA,NA,NA,NA,NA,NA,NA,NA,NA,NA,NA,NA,NA,NA,NA,NA,NA,NA,NA,8864,"SP",2005,"iceoff",0,7.65,620,"8.29","8.47","3.04","2.98",2,NA,5,NA,"167","201",3,7,2943
"124",470,2005-04-20,0,NA,NA,NA,NA,NA,NA,NA,NA,NA,NA,"TotalBiovolume",NA,NA,NA,120897.0379,NA,NA,NA,NA,NA,NA,NA,NA,NA,NA,NA,NA,NA,NA,NA,NA,NA,NA,NA,NA,8864,"SP",2005,"iceoff",0,7.65,620,"8.29","8.47","3.04","2.98",2,NA,5,NA,"167","201",3,7,2943
"125",469,2005-04-20,0,12.2,381,290.53,0.763,NA,NA,NA,NA,NA,0.76254593175853,"TotalBiovolume",NA,NA,NA,120897.0379,NA,NA,NA,NA,NA,NA,NA,NA,NA,NA,NA,NA,NA,NA,NA,NA,NA,NA,NA,NA,8865,"SP",2005,"iceoff",0,7.65,616,"8.31",NA,"3.02",NA,3,NA,10,NA,"197","197",3,7,2866
"126",470,2005-04-20,0,NA,NA,NA,NA,NA,NA,NA,NA,NA,NA,"TotalBiovolume",NA,NA,NA,120897.0379,NA,NA,NA,NA,NA,NA,NA,NA,NA,NA,NA,NA,NA,NA,NA,NA,NA,NA,NA,NA,8865,"SP",2005,"iceoff",0,7.65,616,"8.31",NA,"3.02",NA,3,NA,10,NA,"197","197",3,7,2866
"127",474,2005-06-13,0,8.8,586,447.62,0.764,NA,NA,NA,NA,NA,0.763856655290102,"TotalBiovolume",NA,NA,NA,112841.9249,NA,NA,NA,NA,NA,NA,NA,NA,NA,NA,NA,NA,NA,NA,NA,NA,NA,NA,NA,NA,8947,"SP",2005,"iceoff",0,7.98,NA,"9.1","9.21","3.64","3.67",2,NA,26,8.8,"210","208",2,3,2712
"128",476,2005-07-12,0,8.6,2026,1600.7,0.79,NA,NA,NA,NA,NA,0.790078973346496,"TotalBiovolume",NA,NA,NA,66524.46203,NA,NA,NA,NA,NA,NA,NA,NA,NA,NA,NA,NA,NA,NA,NA,NA,NA,NA,NA,NA,8987,"SP",2005,"iceoff",0,8.2,NA,"8.72","8.74","3.6","3.39",4,NA,68,8.6,"210","198",4,2,2556
"129",478,2005-08-09,0,8.6,468,342.45,0.732,NA,NA,NA,NA,NA,0.731730769230769,"TotalBiovolume",NA,NA,NA,36120.08981,NA,NA,NA,NA,NA,NA,NA,NA,NA,NA,NA,NA,NA,NA,NA,NA,NA,NA,NA,NA,9027,"SP",2005,"iceoff",0,8.25,637,"8.58","8.66","3.52","3.62",2,NA,9,8.6,"185","248",2,4,2723
"130",484,2005-11-15,0,9.2,143,104.86,0.733,NA,NA,NA,NA,NA,0.733286713286713,"TotalBiovolume",NA,NA,NA,37769.78604,NA,NA,NA,NA,NA,NA,NA,NA,NA,NA,NA,NA,NA,NA,NA,NA,NA,NA,NA,NA,9149,"SP",2005,"iceoff",0,7.4,669,"9.06","9.33","3.45","3.53",2,NA,20,9.2,"207","256",6,10,2933
"131",485,2005-11-15,0,NA,NA,NA,NA,NA,NA,NA,NA,NA,NA,"TotalBiovolume",NA,NA,NA,37769.78604,NA,NA,NA,NA,NA,NA,NA,NA,NA,NA,NA,NA,NA,NA,NA,NA,NA,NA,NA,NA,9149,"SP",2005,"iceoff",0,7.4,669,"9.06","9.33","3.45","3.53",2,NA,20,9.2,"207","256",6,10,2933
"132",484,2005-11-15,0,9.2,143,104.86,0.733,NA,NA,NA,NA,NA,0.733286713286713,"TotalBiovolume",NA,NA,NA,37769.78604,NA,NA,NA,NA,NA,NA,NA,NA,NA,NA,NA,NA,NA,NA,NA,NA,NA,NA,NA,NA,9150,"SP",2005,"iceoff",0,7.42,669,"9.12","9.23","3.16","3.08",2,NA,21,9.2,"191","255",4,10,2793
"133",485,2005-11-15,0,NA,NA,NA,NA,NA,NA,NA,NA,NA,NA,"TotalBiovolume",NA,NA,NA,37769.78604,NA,NA,NA,NA,NA,NA,NA,NA,NA,NA,NA,NA,NA,NA,NA,NA,NA,NA,NA,NA,9150,"SP",2005,"iceoff",0,7.42,669,"9.12","9.23","3.16","3.08",2,NA,21,9.2,"191","255",4,10,2793
"134",484,2005-11-15,0,9.2,143,104.86,0.733,NA,NA,NA,NA,NA,0.733286713286713,"TotalBiovolume",NA,NA,NA,37769.78604,NA,NA,NA,NA,NA,NA,NA,NA,NA,NA,NA,NA,NA,NA,NA,NA,NA,NA,NA,NA,9151,"SP",2005,"iceoff",0,7.4,669,"9.06","9.33","3.45","3.53",2,NA,20,NA,"207","256",6,10,2933
"135",485,2005-11-15,0,NA,NA,NA,NA,NA,NA,NA,NA,NA,NA,"TotalBiovolume",NA,NA,NA,37769.78604,NA,NA,NA,NA,NA,NA,NA,NA,NA,NA,NA,NA,NA,NA,NA,NA,NA,NA,NA,NA,9151,"SP",2005,"iceoff",0,7.4,669,"9.06","9.33","3.45","3.53",2,NA,20,NA,"207","256",6,10,2933
"136",484,2005-11-15,0,9.2,143,104.86,0.733,NA,NA,NA,NA,NA,0.733286713286713,"TotalBiovolume",NA,NA,NA,37769.78604,NA,NA,NA,NA,NA,NA,NA,NA,NA,NA,NA,NA,NA,NA,NA,NA,NA,NA,NA,NA,9152,"SP",2005,"iceoff",0,7.42,669,"9.12","9.23","3.16","3.08",2,NA,21,NA,"191","255",4,10,2793
"137",485,2005-11-15,0,NA,NA,NA,NA,NA,NA,NA,NA,NA,NA,"TotalBiovolume",NA,NA,NA,37769.78604,NA,NA,NA,NA,NA,NA,NA,NA,NA,NA,NA,NA,NA,NA,NA,NA,NA,NA,NA,NA,9152,"SP",2005,"iceoff",0,7.42,669,"9.12","9.23","3.16","3.08",2,NA,21,NA,"191","255",4,10,2793
"138",487,2006-02-13,0,13.6,655,17.43,0.027,23.6,33,12,NA,21,0.0266106870229008,"TotalBiovolume",NA,NA,NA,13445.22755,NA,NA,NA,NA,NA,NA,NA,NA,NA,NA,NA,NA,NA,NA,NA,NA,NA,NA,NA,NA,9193,"SP",2006,"iceon",0,7.73,722,"3.17","3.16","8.92","9.12",12,NA,49,13.6,"0","303",2,8,3036
"139",488,2006-02-13,0,NA,NA,NA,NA,NA,NA,NA,NA,NA,NA,"TotalBiovolume",NA,NA,NA,13445.22755,NA,NA,NA,NA,NA,NA,NA,NA,NA,NA,NA,NA,NA,NA,NA,NA,NA,NA,NA,NA,9193,"SP",2006,"iceon",0,7.73,722,"3.17","3.16","8.92","9.12",12,NA,49,13.6,"0","303",2,8,3036
"140",487,2006-02-13,0,13.6,655,17.43,0.027,23.6,33,12,NA,21,0.0266106870229008,"TotalBiovolume",NA,NA,NA,13445.22755,NA,NA,NA,NA,NA,NA,NA,NA,NA,NA,NA,NA,NA,NA,NA,NA,NA,NA,NA,NA,9194,"SP",2006,"iceon",0,7.73,730,"3.21","3.27","8.93","9.31",7,NA,147,13.6,"281","293",2,6,3195
"141",488,2006-02-13,0,NA,NA,NA,NA,NA,NA,NA,NA,NA,NA,"TotalBiovolume",NA,NA,NA,13445.22755,NA,NA,NA,NA,NA,NA,NA,NA,NA,NA,NA,NA,NA,NA,NA,NA,NA,NA,NA,NA,9194,"SP",2006,"iceon",0,7.73,730,"3.21","3.27","8.93","9.31",7,NA,147,13.6,"281","293",2,6,3195
"142",487,2006-02-13,0,13.6,655,17.43,0.027,23.6,33,12,NA,21,0.0266106870229008,"TotalBiovolume",NA,NA,NA,13445.22755,NA,NA,NA,NA,NA,NA,NA,NA,NA,NA,NA,NA,NA,NA,NA,NA,NA,NA,NA,NA,9195,"SP",2006,"iceon",0,7.73,722,"3.17","3.16","8.92","9.12",12,NA,49,NA,"0","303",2,8,3036
"143",488,2006-02-13,0,NA,NA,NA,NA,NA,NA,NA,NA,NA,NA,"TotalBiovolume",NA,NA,NA,13445.22755,NA,NA,NA,NA,NA,NA,NA,NA,NA,NA,NA,NA,NA,NA,NA,NA,NA,NA,NA,NA,9195,"SP",2006,"iceon",0,7.73,722,"3.17","3.16","8.92","9.12",12,NA,49,NA,"0","303",2,8,3036
"144",487,2006-02-13,0,13.6,655,17.43,0.027,23.6,33,12,NA,21,0.0266106870229008,"TotalBiovolume",NA,NA,NA,13445.22755,NA,NA,NA,NA,NA,NA,NA,NA,NA,NA,NA,NA,NA,NA,NA,NA,NA,NA,NA,NA,9196,"SP",2006,"iceon",0,7.73,730,"3.21","3.27","8.93","9.31",7,NA,147,NA,"281","293",2,6,3195
"145",488,2006-02-13,0,NA,NA,NA,NA,NA,NA,NA,NA,NA,NA,"TotalBiovolume",NA,NA,NA,13445.22755,NA,NA,NA,NA,NA,NA,NA,NA,NA,NA,NA,NA,NA,NA,NA,NA,NA,NA,NA,NA,9196,"SP",2006,"iceon",0,7.73,730,"3.21","3.27","8.93","9.31",7,NA,147,NA,"281","293",2,6,3195
"146",491,2006-04-20,0,NA,1642,1490.3,0.908,NA,NA,NA,NA,NA,0.907612667478685,"TotalBiovolume",NA,NA,NA,105932.2045,NA,NA,NA,NA,NA,NA,NA,NA,NA,NA,NA,NA,NA,NA,NA,NA,NA,NA,NA,NA,9237,"SP",2006,"iceoff",0,NA,651,"7.79","7.9","2.77","2.58",16,NA,15,NA,"216","251",4,11,3056
"147",NA,2006-06-16,NA,NA,NA,NA,NA,NA,NA,NA,NA,NA,NA,"TotalBiovolume",NA,NA,NA,95462.29186,NA,NA,NA,NA,NA,NA,NA,NA,NA,NA,NA,NA,NA,NA,NA,NA,NA,NA,NA,NA,NA,NA,NA,NA,NA,NA,NA,NA,NA,NA,NA,NA,NA,NA,NA,NA,NA,NA,NA,NA
"148",498,2006-07-12,0,8.8,766,595.79,0.778,NA,NA,NA,NA,NA,0.777793733681462,"TotalBiovolume",NA,NA,NA,55725.91462,NA,NA,NA,NA,NA,NA,NA,NA,NA,NA,NA,NA,NA,NA,NA,NA,NA,NA,NA,NA,9362,"SP",2006,"iceoff",0,8.38,NA,NA,"7.63",NA,"3.34",1,NA,18,8.8,"214","208",3,3,2698
"149",500,2006-08-09,0,8.5,1963,1480.9,0.754,NA,NA,NA,NA,NA,0.754406520631686,"TotalBiovolume",NA,NA,NA,18557.99633,NA,NA,NA,NA,NA,NA,NA,NA,NA,NA,NA,NA,NA,NA,NA,NA,NA,NA,NA,NA,9404,"SP",2006,"iceoff",0,8.32,654,"7.64","7.75","3.21","3.13",1,NA,46,8.5,"182","182",1,4,2667
"150",507,2006-10-30,0,9.4,NA,380.01,NA,NA,NA,NA,NA,NA,NA,"TotalBiovolume",NA,NA,NA,49288.15794,NA,NA,NA,NA,NA,NA,NA,NA,NA,NA,NA,NA,NA,NA,NA,NA,NA,NA,NA,NA,9527,"SP",2006,"iceoff",0,7.38,643,"8.54","8.58","3","2.99",2,NA,44,9.4,"213","248",8,8,2834
"151",509,2007-02-20,0,16.1,1138,25.11,0.022,8.7,42,5,0.315,37,0.0220650263620387,"TotalBiovolume",NA,NA,NA,43538.89356,NA,NA,NA,NA,NA,NA,NA,NA,NA,NA,NA,NA,NA,NA,NA,NA,NA,NA,NA,NA,9569,"SP",2007,"iceon",0,7.95,792,"8.71","9.07","3.21","3.01",4,NA,11,16.1,"201","228",4,4,3856
"152",512,2007-04-24,0,11.9,1012,643.22,0.636,NA,NA,NA,NA,NA,0.635592885375494,"TotalBiovolume",NA,NA,NA,57749.85027,NA,NA,NA,NA,NA,NA,NA,NA,NA,NA,NA,NA,NA,NA,NA,NA,NA,NA,NA,NA,9612,"SP",2007,"iceoff",0,7.7,674,"7.8","7.9","2.84","2.77",3,NA,8,11.9,"196","221",2,5,3532
"153",516,2007-06-19,0,8.4,514,296.72,0.577,NA,NA,NA,NA,NA,0.57727626459144,"TotalBiovolume",NA,NA,NA,63864.52915,NA,NA,NA,NA,NA,NA,NA,NA,NA,NA,NA,NA,NA,NA,NA,NA,NA,NA,NA,NA,9695,"SP",2007,"iceoff",0,8.05,NA,"7.83","7.78","3.02","2.95",3,NA,10,8.4,"210","242",3,8,3066
"154",517,2007-06-19,0,NA,NA,NA,NA,NA,NA,NA,NA,NA,NA,"TotalBiovolume",NA,NA,NA,63864.52915,NA,NA,NA,NA,NA,NA,NA,NA,NA,NA,NA,NA,NA,NA,NA,NA,NA,NA,NA,NA,9695,"SP",2007,"iceoff",0,8.05,NA,"7.83","7.78","3.02","2.95",3,NA,10,8.4,"210","242",3,8,3066
"155",516,2007-06-19,0,8.4,514,296.72,0.577,NA,NA,NA,NA,NA,0.57727626459144,"TotalBiovolume",NA,NA,NA,63864.52915,NA,NA,NA,NA,NA,NA,NA,NA,NA,NA,NA,NA,NA,NA,NA,NA,NA,NA,NA,NA,9696,"SP",2007,"iceoff",0,8.06,NA,"7.41","7.63","3.01","2.93",4,NA,16,8.4,"174","254",0,7,3051
"156",517,2007-06-19,0,NA,NA,NA,NA,NA,NA,NA,NA,NA,NA,"TotalBiovolume",NA,NA,NA,63864.52915,NA,NA,NA,NA,NA,NA,NA,NA,NA,NA,NA,NA,NA,NA,NA,NA,NA,NA,NA,NA,9696,"SP",2007,"iceoff",0,8.06,NA,"7.41","7.63","3.01","2.93",4,NA,16,8.4,"174","254",0,7,3051
"157",516,2007-06-19,0,8.4,514,296.72,0.577,NA,NA,NA,NA,NA,0.57727626459144,"TotalBiovolume",NA,NA,NA,63864.52915,NA,NA,NA,NA,NA,NA,NA,NA,NA,NA,NA,NA,NA,NA,NA,NA,NA,NA,NA,NA,9697,"SP",2007,"iceoff",0,8.05,NA,"7.83","7.78","3.02","2.95",3,NA,10,NA,"210","242",3,8,3066
"158",517,2007-06-19,0,NA,NA,NA,NA,NA,NA,NA,NA,NA,NA,"TotalBiovolume",NA,NA,NA,63864.52915,NA,NA,NA,NA,NA,NA,NA,NA,NA,NA,NA,NA,NA,NA,NA,NA,NA,NA,NA,NA,9697,"SP",2007,"iceoff",0,8.05,NA,"7.83","7.78","3.02","2.95",3,NA,10,NA,"210","242",3,8,3066
"159",516,2007-06-19,0,8.4,514,296.72,0.577,NA,NA,NA,NA,NA,0.57727626459144,"TotalBiovolume",NA,NA,NA,63864.52915,NA,NA,NA,NA,NA,NA,NA,NA,NA,NA,NA,NA,NA,NA,NA,NA,NA,NA,NA,NA,9698,"SP",2007,"iceoff",0,8.06,NA,"7.41","7.63","3.01","2.93",4,NA,16,NA,"174","254",0,7,3051
"160",517,2007-06-19,0,NA,NA,NA,NA,NA,NA,NA,NA,NA,NA,"TotalBiovolume",NA,NA,NA,63864.52915,NA,NA,NA,NA,NA,NA,NA,NA,NA,NA,NA,NA,NA,NA,NA,NA,NA,NA,NA,NA,9698,"SP",2007,"iceoff",0,8.06,NA,"7.41","7.63","3.01","2.93",4,NA,16,NA,"174","254",0,7,3051
"161",519,2007-07-16,0,8.4,1270,829.31,0.653,NA,NA,NA,NA,NA,0.653,"TotalBiovolume",NA,NA,NA,78698.81792,NA,NA,NA,NA,NA,NA,NA,NA,NA,NA,NA,NA,NA,NA,NA,NA,NA,NA,NA,NA,9737,"SP",2007,"iceoff",0,8.3,NA,"7.71","7.98","3.26","2.97",3,NA,6,8.4,"229","268",5,8,2810
"162",523,2007-08-13,0,8.2,1392,1144.2,0.822,NA,NA,NA,NA,NA,0.82198275862069,"TotalBiovolume",NA,NA,NA,86298.54542,NA,NA,NA,NA,NA,NA,NA,NA,NA,NA,NA,NA,NA,NA,NA,NA,NA,NA,NA,NA,9801,"SP",2007,"iceoff",0,8.26,701,"7.87","7.67","3.12","2.83",10,NA,1,8.2,"181","249",3,4,3040
"163",529,2007-11-12,0,10.5,181,99.99,0.552,NA,NA,NA,NA,NA,0.552430939226519,"TotalBiovolume",NA,NA,NA,69229.21827,NA,NA,NA,NA,NA,NA,NA,NA,NA,NA,NA,NA,NA,NA,NA,NA,NA,NA,NA,NA,9921,"SP",2007,"iceoff",0,7.53,678,"8.38","8.53","2.97","2.79",6,NA,19,10.5,"237","262",3,8,2982
"164",532,2008-03-03,0,14.6,1237,19.11,0.015,18.9,48,13,0.236,35,0.0154486661277284,"TotalBiovolume",NA,NA,NA,7414.250988,NA,NA,NA,NA,NA,NA,NA,NA,NA,NA,NA,NA,NA,NA,NA,NA,NA,NA,NA,NA,9964,"SP",2008,"iceon",0,7.63,813,"9.9","9.99","3.35","3.27",15,NA,59,14.6,"241","269",5,7,3348
"165",533,2008-03-03,0,NA,NA,NA,NA,NA,NA,NA,NA,NA,NA,"TotalBiovolume",NA,NA,NA,7414.250988,NA,NA,NA,NA,NA,NA,NA,NA,NA,NA,NA,NA,NA,NA,NA,NA,NA,NA,NA,NA,9964,"SP",2008,"iceon",0,7.63,813,"9.9","9.99","3.35","3.27",15,NA,59,14.6,"241","269",5,7,3348
"166",532,2008-03-03,0,14.6,1237,19.11,0.015,18.9,48,13,0.236,35,0.0154486661277284,"TotalBiovolume",NA,NA,NA,7414.250988,NA,NA,NA,NA,NA,NA,NA,NA,NA,NA,NA,NA,NA,NA,NA,NA,NA,NA,NA,NA,9965,"SP",2008,"iceon",0,7.63,801,"9.92","10.12","3.46","3.4",12,NA,9,14.6,"220","242",2,8,3627
"167",533,2008-03-03,0,NA,NA,NA,NA,NA,NA,NA,NA,NA,NA,"TotalBiovolume",NA,NA,NA,7414.250988,NA,NA,NA,NA,NA,NA,NA,NA,NA,NA,NA,NA,NA,NA,NA,NA,NA,NA,NA,NA,9965,"SP",2008,"iceon",0,7.63,801,"9.92","10.12","3.46","3.4",12,NA,9,14.6,"220","242",2,8,3627
"168",532,2008-03-03,0,14.6,1237,19.11,0.015,18.9,48,13,0.236,35,0.0154486661277284,"TotalBiovolume",NA,NA,NA,7414.250988,NA,NA,NA,NA,NA,NA,NA,NA,NA,NA,NA,NA,NA,NA,NA,NA,NA,NA,NA,NA,9966,"SP",2008,"iceon",0,7.63,813,"9.9","9.99","3.35","3.27",15,NA,59,NA,"241","269",5,7,3348
"169",533,2008-03-03,0,NA,NA,NA,NA,NA,NA,NA,NA,NA,NA,"TotalBiovolume",NA,NA,NA,7414.250988,NA,NA,NA,NA,NA,NA,NA,NA,NA,NA,NA,NA,NA,NA,NA,NA,NA,NA,NA,NA,9966,"SP",2008,"iceon",0,7.63,813,"9.9","9.99","3.35","3.27",15,NA,59,NA,"241","269",5,7,3348
"170",532,2008-03-03,0,14.6,1237,19.11,0.015,18.9,48,13,0.236,35,0.0154486661277284,"TotalBiovolume",NA,NA,NA,7414.250988,NA,NA,NA,NA,NA,NA,NA,NA,NA,NA,NA,NA,NA,NA,NA,NA,NA,NA,NA,NA,9967,"SP",2008,"iceon",0,7.63,801,"9.92","10.12","3.46","3.4",12,NA,9,NA,"220","242",2,8,3627
"171",533,2008-03-03,0,NA,NA,NA,NA,NA,NA,NA,NA,NA,NA,"TotalBiovolume",NA,NA,NA,7414.250988,NA,NA,NA,NA,NA,NA,NA,NA,NA,NA,NA,NA,NA,NA,NA,NA,NA,NA,NA,NA,9967,"SP",2008,"iceon",0,7.63,801,"9.92","10.12","3.46","3.4",12,NA,9,NA,"220","242",2,8,3627
"172",535,2008-05-13,0,11.3,886,804.83,0.908,NA,NA,NA,NA,NA,0.908386004514673,"TotalBiovolume",NA,NA,NA,101618.1581,NA,NA,NA,NA,NA,NA,NA,NA,NA,NA,NA,NA,NA,NA,NA,NA,NA,NA,NA,NA,10005,"SP",2008,"iceoff",0,7.62,688,"8.51","8.7","3.27","3.18",42,NA,20,11.3,"246","270",3,7,3449
"173",539,2008-07-01,0,9,1347,809.74,0.601,NA,NA,NA,NA,NA,0.601143281365998,"TotalBiovolume",NA,NA,NA,137303.0078,NA,NA,NA,NA,NA,NA,NA,NA,NA,NA,NA,NA,NA,NA,NA,NA,NA,NA,NA,NA,10089,"SP",2008,"iceoff",0,8.24,NA,"7.83","7.96","3.18","3.05",1,NA,2,9,"209","240",15,18,3405
"174",543,2008-08-25,0,8.2,1890,1417.1,0.75,NA,NA,NA,NA,NA,0.74978835978836,"TotalBiovolume",NA,NA,NA,71584.60772,NA,NA,NA,NA,NA,NA,NA,NA,NA,NA,NA,NA,NA,NA,NA,NA,NA,NA,NA,NA,10173,"SP",2008,"iceoff",0,8.24,717,"8.31","8.11","3.5","3.35",2,NA,1,8.2,"185","196",4,5,2782
"175",544,2008-08-25,0,NA,NA,NA,NA,NA,NA,NA,NA,NA,NA,"TotalBiovolume",NA,NA,NA,71584.60772,NA,NA,NA,NA,NA,NA,NA,NA,NA,NA,NA,NA,NA,NA,NA,NA,NA,NA,NA,NA,10173,"SP",2008,"iceoff",0,8.24,717,"8.31","8.11","3.5","3.35",2,NA,1,8.2,"185","196",4,5,2782
"176",543,2008-08-25,0,8.2,1890,1417.1,0.75,NA,NA,NA,NA,NA,0.74978835978836,"TotalBiovolume",NA,NA,NA,71584.60772,NA,NA,NA,NA,NA,NA,NA,NA,NA,NA,NA,NA,NA,NA,NA,NA,NA,NA,NA,NA,10174,"SP",2008,"iceoff",0,8.18,717,"8.25","8.23","3.49","3.33",2,NA,2,8.2,"204","208",4,5,2770
"177",544,2008-08-25,0,NA,NA,NA,NA,NA,NA,NA,NA,NA,NA,"TotalBiovolume",NA,NA,NA,71584.60772,NA,NA,NA,NA,NA,NA,NA,NA,NA,NA,NA,NA,NA,NA,NA,NA,NA,NA,NA,NA,10174,"SP",2008,"iceoff",0,8.18,717,"8.25","8.23","3.49","3.33",2,NA,2,8.2,"204","208",4,5,2770
"178",543,2008-08-25,0,8.2,1890,1417.1,0.75,NA,NA,NA,NA,NA,0.74978835978836,"TotalBiovolume",NA,NA,NA,71584.60772,NA,NA,NA,NA,NA,NA,NA,NA,NA,NA,NA,NA,NA,NA,NA,NA,NA,NA,NA,NA,10175,"SP",2008,"iceoff",0,8.24,717,"8.31","8.11","3.5","3.35",2,NA,1,NA,"185","196",4,5,2782
"179",544,2008-08-25,0,NA,NA,NA,NA,NA,NA,NA,NA,NA,NA,"TotalBiovolume",NA,NA,NA,71584.60772,NA,NA,NA,NA,NA,NA,NA,NA,NA,NA,NA,NA,NA,NA,NA,NA,NA,NA,NA,NA,10175,"SP",2008,"iceoff",0,8.24,717,"8.31","8.11","3.5","3.35",2,NA,1,NA,"185","196",4,5,2782
"180",543,2008-08-25,0,8.2,1890,1417.1,0.75,NA,NA,NA,NA,NA,0.74978835978836,"TotalBiovolume",NA,NA,NA,71584.60772,NA,NA,NA,NA,NA,NA,NA,NA,NA,NA,NA,NA,NA,NA,NA,NA,NA,NA,NA,NA,10176,"SP",2008,"iceoff",0,8.18,717,"8.25","8.23","3.49","3.33",2,NA,2,NA,"204","208",4,5,2770
"181",544,2008-08-25,0,NA,NA,NA,NA,NA,NA,NA,NA,NA,NA,"TotalBiovolume",NA,NA,NA,71584.60772,NA,NA,NA,NA,NA,NA,NA,NA,NA,NA,NA,NA,NA,NA,NA,NA,NA,NA,NA,NA,10176,"SP",2008,"iceoff",0,8.18,717,"8.25","8.23","3.49","3.33",2,NA,2,NA,"204","208",4,5,2770
"182",549,2008-11-12,0,10.1,65,47.02,0.723,NA,NA,NA,NA,NA,0.723384615384615,"TotalBiovolume",NA,NA,NA,77010.33942,NA,NA,NA,NA,NA,NA,NA,NA,NA,NA,NA,NA,NA,NA,NA,NA,NA,NA,NA,NA,10279,"SP",2008,"iceoff",0,7.5,691,"8.46","8.54","3.2","3.12",18,NA,27,10.1,"212","257",2,8,3191
"183",551,2009-02-24,0,14.5,729,46.38,0.064,3.6,55,9,0.278,46,0.0636213991769547,"TotalBiovolume",NA,NA,NA,56387.25094,NA,NA,NA,NA,NA,NA,NA,NA,NA,NA,NA,NA,NA,NA,NA,NA,NA,NA,NA,NA,10324,"SP",2009,"iceon",0,7.64,836,"10.12","10.39","3.48","3.3",6,NA,0,14.5,"135","223",4,10,3869
"184",554,2009-04-29,0,12.2,765,648.19,0.847,NA,NA,NA,NA,NA,0.847307189542484,"TotalBiovolume",NA,NA,NA,324208.1319,NA,NA,NA,NA,NA,NA,NA,NA,NA,NA,NA,NA,NA,NA,"874.8631698",NA,NA,NA,NA,NA,10368,"SP",2009,"iceoff",0,7.58,706,"8.34","8.47","3.16","3.16",13,NA,4,12.2,"164","245",5,7,3139
