"sampledate","genus","biovolume_conc"
2010-02-22,"Aphanocapsa delicatissima",55.5137
2010-02-22,"Chlamydomonas ",1522.6585
2010-02-22,"Cryptomonas erosa",25377.6325
2010-02-22,"Euglena ",91473.6948
2010-02-22,"Miscellaneous",1189.5763
2010-02-22,"Rhodospirillum rubrum",1345.3878
2010-02-22,"Synechococcus ",43.6164
2010-02-22,"Total",121008.08
2010-02-22,"Asterionella formosa",0
2010-02-22,"Chlorococcaceae",0
2010-02-22,"Chlorophyta",0
2010-02-22,"Chrysophyceae",0
2010-02-22,"Peridinium ",0
2010-02-22,"Rhodomonas minuta",0
2010-02-22,"Synechocystis ",0
2010-02-22,"Coelastrum ",0
2010-02-22,"Gymnodinium sp. 2",0
2010-02-22,"Gymnodinium sp. 3",0
2010-02-22,"Monomastix minuta",0
2010-02-22,"Oocystis parva",0
2010-02-22,"Schroederia judayi",0
2010-02-22,"Dinobryon cylindricum",0
2010-02-22,"Lindavia intermedia",0
2010-02-22,"Sphaerocystis schroeteri",0
2010-02-22,"Chrysochromulina parva",0
2010-02-22,"Kephyrion ",0
2010-02-22,"Monoraphidium griffithii",0
2010-02-22,"Aphanizomenon ",0
2010-02-22,"Aphanothece saxicola",0
2010-02-22,"Kephyrion planctonicum",0
2010-02-22,"Tabellaria flocculosa",0
2010-02-22,"Oedogonium ",0
2010-02-22,"Phormidium ",0
2010-02-22,"Tabellaria binalis",0
2010-02-22,"Actinella punctata",0
2010-02-22,"Aphanothece nidulans",0
2010-02-22,"Gloeococcus minor",0
2010-02-22,"Mallomonas ",0
2010-02-22,"Planktothrix agardhii",0
2010-02-22,"Euglena acus",0
2010-02-22,"Scenedesmus bijuga",0
2010-02-22,"Dinobryon cyst",0
2010-02-22,"Mougeotia ",0
2010-02-22,"Stichococcus bacillaris",0
2010-02-22,"Gonyostomum semen",0
2010-02-22,"Mucidosphaerium pulchellum",0
2010-02-22,"Spinocosmarium ",0
2010-02-22,"Synechococcus elongatus",0
2010-02-22,"Cyclotella sp. 1",0
2010-02-22,"Stephanodiscus parvus",0
2010-02-22,"Botryococcus braunii",0
2010-02-22,"Cyclotella ocellata",0
2010-02-22,"Peridinium inconspicuum",0
2010-02-22,"Uroglena ",0
2010-02-22,"Gymnodinium sp. 1",0
2010-02-22,"Peridinium umbonatum",0
2010-02-22,"Lepocinclis ",0
2010-02-22,"Dinobryon ",0
2010-02-22,"Dinobryon sociale",0
2010-02-22,"Monoraphidium arcuatum",0
2010-02-22,"Trachelomonas ",0
2010-02-22,"Cosmarium ",0
2010-02-22,"Dinobryon crenulatum",0
2010-02-22,"Fragilaria filiformis",0
2010-02-22,"Mallomonas akrokomas",0
2010-02-22,"Monomastix astigmata",0
2010-02-22,"Oocystis pusilla",0
2010-02-22,"Peridinium cinctum",0
2010-02-22,"Staurastrum ",0
2010-02-22,"Staurastrum hexacerum",0
2010-02-22,"Stichogloea olivacea",0
2010-02-22,"Teilingia granulata",0
2010-02-22,"Pseudanabaena limnetica",0
2010-02-22,"Microspora ",0
2010-02-22,"Aphanizomenon flos-aquae",0
2010-02-22,"Eunotia ",0
2010-02-22,"Colonial ",0
2010-02-22,"Quadrigula lacustris",0
2010-02-22,"Aphanothece ",0
2010-02-22,"Chrysococcus minutus",0
2010-02-22,"Stephanodiscus medius",0
2010-02-22,"Glenodinium quadridens",0
2010-02-22,"Chrysocapsaceae",0
2010-04-13,"Aphanocapsa delicatissima",0
2010-04-13,"Chlamydomonas ",184764.1653
2010-04-13,"Cryptomonas erosa",0
2010-04-13,"Euglena ",103122.0071
2010-04-13,"Miscellaneous",4567.9754
2010-04-13,"Rhodospirillum rubrum",52961.9967
2010-04-13,"Synechococcus ",35.6874
2010-04-13,"Total",406518.0542
2010-04-13,"Asterionella formosa",1281.7498
2010-04-13,"Chlorococcaceae",25980.3572
2010-04-13,"Chlorophyta",5995.466
2010-04-13,"Chrysophyceae",9507.5239
2010-04-13,"Peridinium ",13652.8602
2010-04-13,"Rhodomonas minuta",4567.9709
2010-04-13,"Synechocystis ",80.2943
2010-04-13,"Coelastrum ",0
2010-04-13,"Gymnodinium sp. 2",0
2010-04-13,"Gymnodinium sp. 3",0
2010-04-13,"Monomastix minuta",0
2010-04-13,"Oocystis parva",0
2010-04-13,"Schroederia judayi",0
2010-04-13,"Dinobryon cylindricum",0
2010-04-13,"Lindavia intermedia",0
2010-04-13,"Sphaerocystis schroeteri",0
2010-04-13,"Chrysochromulina parva",0
2010-04-13,"Kephyrion ",0
2010-04-13,"Monoraphidium griffithii",0
2010-04-13,"Aphanizomenon ",0
2010-04-13,"Aphanothece saxicola",0
2010-04-13,"Kephyrion planctonicum",0
2010-04-13,"Tabellaria flocculosa",0
2010-04-13,"Oedogonium ",0
2010-04-13,"Phormidium ",0
2010-04-13,"Tabellaria binalis",0
2010-04-13,"Actinella punctata",0
2010-04-13,"Aphanothece nidulans",0
2010-04-13,"Gloeococcus minor",0
2010-04-13,"Mallomonas ",0
2010-04-13,"Planktothrix agardhii",0
2010-04-13,"Euglena acus",0
2010-04-13,"Scenedesmus bijuga",0
2010-04-13,"Dinobryon cyst",0
2010-04-13,"Mougeotia ",0
2010-04-13,"Stichococcus bacillaris",0
2010-04-13,"Gonyostomum semen",0
2010-04-13,"Mucidosphaerium pulchellum",0
2010-04-13,"Spinocosmarium ",0
2010-04-13,"Synechococcus elongatus",0
2010-04-13,"Cyclotella sp. 1",0
2010-04-13,"Stephanodiscus parvus",0
2010-04-13,"Botryococcus braunii",0
2010-04-13,"Cyclotella ocellata",0
2010-04-13,"Peridinium inconspicuum",0
2010-04-13,"Uroglena ",0
2010-04-13,"Gymnodinium sp. 1",0
2010-04-13,"Peridinium umbonatum",0
2010-04-13,"Lepocinclis ",0
2010-04-13,"Dinobryon ",0
2010-04-13,"Dinobryon sociale",0
2010-04-13,"Monoraphidium arcuatum",0
2010-04-13,"Trachelomonas ",0
2010-04-13,"Cosmarium ",0
2010-04-13,"Dinobryon crenulatum",0
2010-04-13,"Fragilaria filiformis",0
2010-04-13,"Mallomonas akrokomas",0
2010-04-13,"Monomastix astigmata",0
2010-04-13,"Oocystis pusilla",0
2010-04-13,"Peridinium cinctum",0
2010-04-13,"Staurastrum ",0
2010-04-13,"Staurastrum hexacerum",0
2010-04-13,"Stichogloea olivacea",0
2010-04-13,"Teilingia granulata",0
2010-04-13,"Pseudanabaena limnetica",0
2010-04-13,"Microspora ",0
2010-04-13,"Aphanizomenon flos-aquae",0
2010-04-13,"Eunotia ",0
2010-04-13,"Colonial ",0
2010-04-13,"Quadrigula lacustris",0
2010-04-13,"Aphanothece ",0
2010-04-13,"Chrysococcus minutus",0
2010-04-13,"Stephanodiscus medius",0
2010-04-13,"Glenodinium quadridens",0
2010-04-13,"Chrysocapsaceae",0
2010-06-10,"Aphanocapsa delicatissima",253.7769
2010-06-10,"Chlamydomonas ",46426.7807
2010-06-10,"Cryptomonas erosa",544414.9075
2010-06-10,"Euglena ",126451.9759
2010-06-10,"Miscellaneous",31989.7774
2010-06-10,"Rhodospirillum rubrum",6959.0389
2010-06-10,"Synechococcus ",285.499
2010-06-10,"Total",1037080.528
2010-06-10,"Asterionella formosa",178118.8246
2010-06-10,"Chlorococcaceae",126.8885
2010-06-10,"Chlorophyta",17700.9126
2010-06-10,"Chrysophyceae",60205.5986
2010-06-10,"Peridinium ",0
2010-06-10,"Rhodomonas minuta",1015.1046
2010-06-10,"Synechocystis ",0
2010-06-10,"Coelastrum ",7687.5653
2010-06-10,"Gymnodinium sp. 2",5075.5262
2010-06-10,"Gymnodinium sp. 3",2283.9862
2010-06-10,"Monomastix minuta",356.8738
2010-06-10,"Oocystis parva",5709.9685
2010-06-10,"Schroederia judayi",2017.5228
2010-06-10,"Dinobryon cylindricum",0
2010-06-10,"Lindavia intermedia",0
2010-06-10,"Sphaerocystis schroeteri",0
2010-06-10,"Chrysochromulina parva",0
2010-06-10,"Kephyrion ",0
2010-06-10,"Monoraphidium griffithii",0
2010-06-10,"Aphanizomenon ",0
2010-06-10,"Aphanothece saxicola",0
2010-06-10,"Kephyrion planctonicum",0
2010-06-10,"Tabellaria flocculosa",0
2010-06-10,"Oedogonium ",0
2010-06-10,"Phormidium ",0
2010-06-10,"Tabellaria binalis",0
2010-06-10,"Actinella punctata",0
2010-06-10,"Aphanothece nidulans",0
2010-06-10,"Gloeococcus minor",0
2010-06-10,"Mallomonas ",0
2010-06-10,"Planktothrix agardhii",0
2010-06-10,"Euglena acus",0
2010-06-10,"Scenedesmus bijuga",0
2010-06-10,"Dinobryon cyst",0
2010-06-10,"Mougeotia ",0
2010-06-10,"Stichococcus bacillaris",0
2010-06-10,"Gonyostomum semen",0
2010-06-10,"Mucidosphaerium pulchellum",0
2010-06-10,"Spinocosmarium ",0
2010-06-10,"Synechococcus elongatus",0
2010-06-10,"Cyclotella sp. 1",0
2010-06-10,"Stephanodiscus parvus",0
2010-06-10,"Botryococcus braunii",0
2010-06-10,"Cyclotella ocellata",0
2010-06-10,"Peridinium inconspicuum",0
2010-06-10,"Uroglena ",0
2010-06-10,"Gymnodinium sp. 1",0
2010-06-10,"Peridinium umbonatum",0
2010-06-10,"Lepocinclis ",0
2010-06-10,"Dinobryon ",0
2010-06-10,"Dinobryon sociale",0
2010-06-10,"Monoraphidium arcuatum",0
2010-06-10,"Trachelomonas ",0
2010-06-10,"Cosmarium ",0
2010-06-10,"Dinobryon crenulatum",0
2010-06-10,"Fragilaria filiformis",0
2010-06-10,"Mallomonas akrokomas",0
2010-06-10,"Monomastix astigmata",0
2010-06-10,"Oocystis pusilla",0
2010-06-10,"Peridinium cinctum",0
2010-06-10,"Staurastrum ",0
2010-06-10,"Staurastrum hexacerum",0
2010-06-10,"Stichogloea olivacea",0
2010-06-10,"Teilingia granulata",0
2010-06-10,"Pseudanabaena limnetica",0
2010-06-10,"Microspora ",0
2010-06-10,"Aphanizomenon flos-aquae",0
2010-06-10,"Eunotia ",0
2010-06-10,"Colonial ",0
2010-06-10,"Quadrigula lacustris",0
2010-06-10,"Aphanothece ",0
2010-06-10,"Chrysococcus minutus",0
2010-06-10,"Stephanodiscus medius",0
2010-06-10,"Glenodinium quadridens",0
2010-06-10,"Chrysocapsaceae",0
2010-07-07,"Aphanocapsa delicatissima",0
2010-07-07,"Chlamydomonas ",99162.2636
2010-07-07,"Cryptomonas erosa",831548.8353
2010-07-07,"Euglena ",44709.0336
2010-07-07,"Miscellaneous",0
2010-07-07,"Rhodospirillum rubrum",3580.6337
2010-07-07,"Synechococcus ",317.2211
2010-07-07,"Total",1060227.48
2010-07-07,"Asterionella formosa",5758.4179
2010-07-07,"Chlorococcaceae",6284.9288
2010-07-07,"Chlorophyta",2438.792
2010-07-07,"Chrysophyceae",27804.7666
2010-07-07,"Peridinium ",0
2010-07-07,"Rhodomonas minuta",0
2010-07-07,"Synechocystis ",160.5887
2010-07-07,"Coelastrum ",0
2010-07-07,"Gymnodinium sp. 2",0
2010-07-07,"Gymnodinium sp. 3",0
2010-07-07,"Monomastix minuta",126.8885
2010-07-07,"Oocystis parva",0
2010-07-07,"Schroederia judayi",1015.1077
2010-07-07,"Dinobryon cylindricum",2030.2093
2010-07-07,"Lindavia intermedia",7881.953
2010-07-07,"Sphaerocystis schroeteri",27407.8403
2010-07-07,"Chrysochromulina parva",0
2010-07-07,"Kephyrion ",0
2010-07-07,"Monoraphidium griffithii",0
2010-07-07,"Aphanizomenon ",0
2010-07-07,"Aphanothece saxicola",0
2010-07-07,"Kephyrion planctonicum",0
2010-07-07,"Tabellaria flocculosa",0
2010-07-07,"Oedogonium ",0
2010-07-07,"Phormidium ",0
2010-07-07,"Tabellaria binalis",0
2010-07-07,"Actinella punctata",0
2010-07-07,"Aphanothece nidulans",0
2010-07-07,"Gloeococcus minor",0
2010-07-07,"Mallomonas ",0
2010-07-07,"Planktothrix agardhii",0
2010-07-07,"Euglena acus",0
2010-07-07,"Scenedesmus bijuga",0
2010-07-07,"Dinobryon cyst",0
2010-07-07,"Mougeotia ",0
2010-07-07,"Stichococcus bacillaris",0
2010-07-07,"Gonyostomum semen",0
2010-07-07,"Mucidosphaerium pulchellum",0
2010-07-07,"Spinocosmarium ",0
2010-07-07,"Synechococcus elongatus",0
2010-07-07,"Cyclotella sp. 1",0
2010-07-07,"Stephanodiscus parvus",0
2010-07-07,"Botryococcus braunii",0
2010-07-07,"Cyclotella ocellata",0
2010-07-07,"Peridinium inconspicuum",0
2010-07-07,"Uroglena ",0
2010-07-07,"Gymnodinium sp. 1",0
2010-07-07,"Peridinium umbonatum",0
2010-07-07,"Lepocinclis ",0
2010-07-07,"Dinobryon ",0
2010-07-07,"Dinobryon sociale",0
2010-07-07,"Monoraphidium arcuatum",0
2010-07-07,"Trachelomonas ",0
2010-07-07,"Cosmarium ",0
2010-07-07,"Dinobryon crenulatum",0
2010-07-07,"Fragilaria filiformis",0
2010-07-07,"Mallomonas akrokomas",0
2010-07-07,"Monomastix astigmata",0
2010-07-07,"Oocystis pusilla",0
2010-07-07,"Peridinium cinctum",0
2010-07-07,"Staurastrum ",0
2010-07-07,"Staurastrum hexacerum",0
2010-07-07,"Stichogloea olivacea",0
2010-07-07,"Teilingia granulata",0
2010-07-07,"Pseudanabaena limnetica",0
2010-07-07,"Microspora ",0
2010-07-07,"Aphanizomenon flos-aquae",0
2010-07-07,"Eunotia ",0
2010-07-07,"Colonial ",0
2010-07-07,"Quadrigula lacustris",0
2010-07-07,"Aphanothece ",0
2010-07-07,"Chrysococcus minutus",0
2010-07-07,"Stephanodiscus medius",0
2010-07-07,"Glenodinium quadridens",0
2010-07-07,"Chrysocapsaceae",0
2010-08-03,"Aphanocapsa delicatissima",0
2010-08-03,"Chlamydomonas ",71239.4509
2010-08-03,"Cryptomonas erosa",543436.608
2010-08-03,"Euglena ",69703.9061
2010-08-03,"Miscellaneous",0
2010-08-03,"Rhodospirillum rubrum",2569.564
2010-08-03,"Synechococcus ",47.5832
2010-08-03,"Total",728171.29
2010-08-03,"Asterionella formosa",0
2010-08-03,"Chlorococcaceae",1982.6261
2010-08-03,"Chlorophyta",60.9315
2010-08-03,"Chrysophyceae",8580.9834
2010-08-03,"Peridinium ",0
2010-08-03,"Rhodomonas minuta",507.5523
2010-08-03,"Synechocystis ",80.2943
2010-08-03,"Coelastrum ",0
2010-08-03,"Gymnodinium sp. 2",2537.7631
2010-08-03,"Gymnodinium sp. 3",0
2010-08-03,"Monomastix minuta",356.8738
2010-08-03,"Oocystis parva",1586.1027
2010-08-03,"Schroederia judayi",1268.8846
2010-08-03,"Dinobryon cylindricum",14100.4466
2010-08-03,"Lindavia intermedia",0
2010-08-03,"Sphaerocystis schroeteri",6851.9601
2010-08-03,"Chrysochromulina parva",1832.2672
2010-08-03,"Kephyrion ",285.499
2010-08-03,"Monoraphidium griffithii",1141.9931
2010-08-03,"Aphanizomenon ",0
2010-08-03,"Aphanothece saxicola",0
2010-08-03,"Kephyrion planctonicum",0
2010-08-03,"Tabellaria flocculosa",0
2010-08-03,"Oedogonium ",0
2010-08-03,"Phormidium ",0
2010-08-03,"Tabellaria binalis",0
2010-08-03,"Actinella punctata",0
2010-08-03,"Aphanothece nidulans",0
2010-08-03,"Gloeococcus minor",0
2010-08-03,"Mallomonas ",0
2010-08-03,"Planktothrix agardhii",0
2010-08-03,"Euglena acus",0
2010-08-03,"Scenedesmus bijuga",0
2010-08-03,"Dinobryon cyst",0
2010-08-03,"Mougeotia ",0
2010-08-03,"Stichococcus bacillaris",0
2010-08-03,"Gonyostomum semen",0
2010-08-03,"Mucidosphaerium pulchellum",0
2010-08-03,"Spinocosmarium ",0
2010-08-03,"Synechococcus elongatus",0
2010-08-03,"Cyclotella sp. 1",0
2010-08-03,"Stephanodiscus parvus",0
2010-08-03,"Botryococcus braunii",0
2010-08-03,"Cyclotella ocellata",0
2010-08-03,"Peridinium inconspicuum",0
2010-08-03,"Uroglena ",0
2010-08-03,"Gymnodinium sp. 1",0
2010-08-03,"Peridinium umbonatum",0
2010-08-03,"Lepocinclis ",0
2010-08-03,"Dinobryon ",0
2010-08-03,"Dinobryon sociale",0
2010-08-03,"Monoraphidium arcuatum",0
2010-08-03,"Trachelomonas ",0
2010-08-03,"Cosmarium ",0
2010-08-03,"Dinobryon crenulatum",0
2010-08-03,"Fragilaria filiformis",0
2010-08-03,"Mallomonas akrokomas",0
2010-08-03,"Monomastix astigmata",0
2010-08-03,"Oocystis pusilla",0
2010-08-03,"Peridinium cinctum",0
2010-08-03,"Staurastrum ",0
2010-08-03,"Staurastrum hexacerum",0
2010-08-03,"Stichogloea olivacea",0
2010-08-03,"Teilingia granulata",0
2010-08-03,"Pseudanabaena limnetica",0
2010-08-03,"Microspora ",0
2010-08-03,"Aphanizomenon flos-aquae",0
2010-08-03,"Eunotia ",0
2010-08-03,"Colonial ",0
2010-08-03,"Quadrigula lacustris",0
2010-08-03,"Aphanothece ",0
2010-08-03,"Chrysococcus minutus",0
2010-08-03,"Stephanodiscus medius",0
2010-08-03,"Glenodinium quadridens",0
2010-08-03,"Chrysocapsaceae",0
2010-11-15,"Aphanocapsa delicatissima",0
2010-11-15,"Chlamydomonas ",178939.7615
2010-11-15,"Cryptomonas erosa",0
2010-11-15,"Euglena ",0
2010-11-15,"Miscellaneous",0
2010-11-15,"Rhodospirillum rubrum",6958.6844
2010-11-15,"Synechococcus ",0
2010-11-15,"Total",303620.3351
2010-11-15,"Asterionella formosa",0
2010-11-15,"Chlorococcaceae",114.1996
2010-11-15,"Chlorophyta",2357.548
2010-11-15,"Chrysophyceae",79916.4867
2010-11-15,"Peridinium ",0
2010-11-15,"Rhodomonas minuta",0
2010-11-15,"Synechocystis ",96.3532
2010-11-15,"Coelastrum ",0
2010-11-15,"Gymnodinium sp. 2",0
2010-11-15,"Gymnodinium sp. 3",0
2010-11-15,"Monomastix minuta",0
2010-11-15,"Oocystis parva",0
2010-11-15,"Schroederia judayi",0
2010-11-15,"Dinobryon cylindricum",0
2010-11-15,"Lindavia intermedia",0
2010-11-15,"Sphaerocystis schroeteri",0
2010-11-15,"Chrysochromulina parva",29682.7278
2010-11-15,"Kephyrion ",0
2010-11-15,"Monoraphidium griffithii",0
2010-11-15,"Aphanizomenon ",1213.3152
2010-11-15,"Aphanothece saxicola",456.7984
2010-11-15,"Kephyrion planctonicum",513.8983
2010-11-15,"Tabellaria flocculosa",3370.562
2010-11-15,"Oedogonium ",0
2010-11-15,"Phormidium ",0
2010-11-15,"Tabellaria binalis",0
2010-11-15,"Actinella punctata",0
2010-11-15,"Aphanothece nidulans",0
2010-11-15,"Gloeococcus minor",0
2010-11-15,"Mallomonas ",0
2010-11-15,"Planktothrix agardhii",0
2010-11-15,"Euglena acus",0
2010-11-15,"Scenedesmus bijuga",0
2010-11-15,"Dinobryon cyst",0
2010-11-15,"Mougeotia ",0
2010-11-15,"Stichococcus bacillaris",0
2010-11-15,"Gonyostomum semen",0
2010-11-15,"Mucidosphaerium pulchellum",0
2010-11-15,"Spinocosmarium ",0
2010-11-15,"Synechococcus elongatus",0
2010-11-15,"Cyclotella sp. 1",0
2010-11-15,"Stephanodiscus parvus",0
2010-11-15,"Botryococcus braunii",0
2010-11-15,"Cyclotella ocellata",0
2010-11-15,"Peridinium inconspicuum",0
2010-11-15,"Uroglena ",0
2010-11-15,"Gymnodinium sp. 1",0
2010-11-15,"Peridinium umbonatum",0
2010-11-15,"Lepocinclis ",0
2010-11-15,"Dinobryon ",0
2010-11-15,"Dinobryon sociale",0
2010-11-15,"Monoraphidium arcuatum",0
2010-11-15,"Trachelomonas ",0
2010-11-15,"Cosmarium ",0
2010-11-15,"Dinobryon crenulatum",0
2010-11-15,"Fragilaria filiformis",0
2010-11-15,"Mallomonas akrokomas",0
2010-11-15,"Monomastix astigmata",0
2010-11-15,"Oocystis pusilla",0
2010-11-15,"Peridinium cinctum",0
2010-11-15,"Staurastrum ",0
2010-11-15,"Staurastrum hexacerum",0
2010-11-15,"Stichogloea olivacea",0
2010-11-15,"Teilingia granulata",0
2010-11-15,"Pseudanabaena limnetica",0
2010-11-15,"Microspora ",0
2010-11-15,"Aphanizomenon flos-aquae",0
2010-11-15,"Eunotia ",0
2010-11-15,"Colonial ",0
2010-11-15,"Quadrigula lacustris",0
2010-11-15,"Aphanothece ",0
2010-11-15,"Chrysococcus minutus",0
2010-11-15,"Stephanodiscus medius",0
2010-11-15,"Glenodinium quadridens",0
2010-11-15,"Chrysocapsaceae",0
2011-02-15,"Aphanocapsa delicatissima",0
2011-02-15,"Chlamydomonas ",12716.7412
2011-02-15,"Cryptomonas erosa",6851.9608
2011-02-15,"Euglena ",26346.3407
2011-02-15,"Miscellaneous",3172.2054
2011-02-15,"Rhodospirillum rubrum",1320.433
2011-02-15,"Synechococcus ",0
2011-02-15,"Total",156182.3375
2011-02-15,"Asterionella formosa",2044.7314
2011-02-15,"Chlorococcaceae",1110.271
2011-02-15,"Chlorophyta",63.4442
2011-02-15,"Chrysophyceae",27756.2587
2011-02-15,"Peridinium ",0
2011-02-15,"Rhodomonas minuta",0
2011-02-15,"Synechocystis ",0
2011-02-15,"Coelastrum ",0
2011-02-15,"Gymnodinium sp. 2",0
2011-02-15,"Gymnodinium sp. 3",0
2011-02-15,"Monomastix minuta",0
2011-02-15,"Oocystis parva",0
2011-02-15,"Schroederia judayi",523.4126
2011-02-15,"Dinobryon cylindricum",0
2011-02-15,"Lindavia intermedia",0
2011-02-15,"Sphaerocystis schroeteri",0
2011-02-15,"Chrysochromulina parva",229.0334
2011-02-15,"Kephyrion ",0
2011-02-15,"Monoraphidium griffithii",0
2011-02-15,"Aphanizomenon ",0
2011-02-15,"Aphanothece saxicola",0
2011-02-15,"Kephyrion planctonicum",0
2011-02-15,"Tabellaria flocculosa",0
2011-02-15,"Oedogonium ",50738.6366
2011-02-15,"Phormidium ",13615.327
2011-02-15,"Tabellaria binalis",9693.5415
2011-02-15,"Actinella punctata",0
2011-02-15,"Aphanothece nidulans",0
2011-02-15,"Gloeococcus minor",0
2011-02-15,"Mallomonas ",0
2011-02-15,"Planktothrix agardhii",0
2011-02-15,"Euglena acus",0
2011-02-15,"Scenedesmus bijuga",0
2011-02-15,"Dinobryon cyst",0
2011-02-15,"Mougeotia ",0
2011-02-15,"Stichococcus bacillaris",0
2011-02-15,"Gonyostomum semen",0
2011-02-15,"Mucidosphaerium pulchellum",0
2011-02-15,"Spinocosmarium ",0
2011-02-15,"Synechococcus elongatus",0
2011-02-15,"Cyclotella sp. 1",0
2011-02-15,"Stephanodiscus parvus",0
2011-02-15,"Botryococcus braunii",0
2011-02-15,"Cyclotella ocellata",0
2011-02-15,"Peridinium inconspicuum",0
2011-02-15,"Uroglena ",0
2011-02-15,"Gymnodinium sp. 1",0
2011-02-15,"Peridinium umbonatum",0
2011-02-15,"Lepocinclis ",0
2011-02-15,"Dinobryon ",0
2011-02-15,"Dinobryon sociale",0
2011-02-15,"Monoraphidium arcuatum",0
2011-02-15,"Trachelomonas ",0
2011-02-15,"Cosmarium ",0
2011-02-15,"Dinobryon crenulatum",0
2011-02-15,"Fragilaria filiformis",0
2011-02-15,"Mallomonas akrokomas",0
2011-02-15,"Monomastix astigmata",0
2011-02-15,"Oocystis pusilla",0
2011-02-15,"Peridinium cinctum",0
2011-02-15,"Staurastrum ",0
2011-02-15,"Staurastrum hexacerum",0
2011-02-15,"Stichogloea olivacea",0
2011-02-15,"Teilingia granulata",0
2011-02-15,"Pseudanabaena limnetica",0
2011-02-15,"Microspora ",0
2011-02-15,"Aphanizomenon flos-aquae",0
2011-02-15,"Eunotia ",0
2011-02-15,"Colonial ",0
2011-02-15,"Quadrigula lacustris",0
2011-02-15,"Aphanothece ",0
2011-02-15,"Chrysococcus minutus",0
2011-02-15,"Stephanodiscus medius",0
2011-02-15,"Glenodinium quadridens",0
2011-02-15,"Chrysocapsaceae",0
2011-05-03,"Aphanocapsa delicatissima",0
2011-05-03,"Chlamydomonas ",317705.2239
2011-05-03,"Cryptomonas erosa",882.411
2011-05-03,"Euglena ",0
2011-05-03,"Miscellaneous",0
2011-05-03,"Rhodospirillum rubrum",12633.3321
2011-05-03,"Synechococcus ",0
2011-05-03,"Total",548612.1793
2011-05-03,"Asterionella formosa",0
2011-05-03,"Chlorococcaceae",15188.5102
2011-05-03,"Chlorophyta",824.5202
2011-05-03,"Chrysophyceae",18500.8715
2011-05-03,"Peridinium ",0
2011-05-03,"Rhodomonas minuta",0
2011-05-03,"Synechocystis ",0
2011-05-03,"Coelastrum ",0
2011-05-03,"Gymnodinium sp. 2",5781.3417
2011-05-03,"Gymnodinium sp. 3",2797.885
2011-05-03,"Monomastix minuta",0
2011-05-03,"Oocystis parva",0
2011-05-03,"Schroederia judayi",1811.523
2011-05-03,"Dinobryon cylindricum",0
2011-05-03,"Lindavia intermedia",0
2011-05-03,"Sphaerocystis schroeteri",0
2011-05-03,"Chrysochromulina parva",0
2011-05-03,"Kephyrion ",0
2011-05-03,"Monoraphidium griffithii",0
2011-05-03,"Aphanizomenon ",0
2011-05-03,"Aphanothece saxicola",0
2011-05-03,"Kephyrion planctonicum",0
2011-05-03,"Tabellaria flocculosa",2211.9313
2011-05-03,"Oedogonium ",0
2011-05-03,"Phormidium ",3695.0963
2011-05-03,"Tabellaria binalis",0
2011-05-03,"Actinella punctata",422.8073
2011-05-03,"Aphanothece nidulans",1941.388
2011-05-03,"Gloeococcus minor",63837.4305
2011-05-03,"Mallomonas ",98668.2359
2011-05-03,"Planktothrix agardhii",1709.6714
2011-05-03,"Euglena acus",0
2011-05-03,"Scenedesmus bijuga",0
2011-05-03,"Dinobryon cyst",0
2011-05-03,"Mougeotia ",0
2011-05-03,"Stichococcus bacillaris",0
2011-05-03,"Gonyostomum semen",0
2011-05-03,"Mucidosphaerium pulchellum",0
2011-05-03,"Spinocosmarium ",0
2011-05-03,"Synechococcus elongatus",0
2011-05-03,"Cyclotella sp. 1",0
2011-05-03,"Stephanodiscus parvus",0
2011-05-03,"Botryococcus braunii",0
2011-05-03,"Cyclotella ocellata",0
2011-05-03,"Peridinium inconspicuum",0
2011-05-03,"Uroglena ",0
2011-05-03,"Gymnodinium sp. 1",0
2011-05-03,"Peridinium umbonatum",0
2011-05-03,"Lepocinclis ",0
2011-05-03,"Dinobryon ",0
2011-05-03,"Dinobryon sociale",0
2011-05-03,"Monoraphidium arcuatum",0
2011-05-03,"Trachelomonas ",0
2011-05-03,"Cosmarium ",0
2011-05-03,"Dinobryon crenulatum",0
2011-05-03,"Fragilaria filiformis",0
2011-05-03,"Mallomonas akrokomas",0
2011-05-03,"Monomastix astigmata",0
2011-05-03,"Oocystis pusilla",0
2011-05-03,"Peridinium cinctum",0
2011-05-03,"Staurastrum ",0
2011-05-03,"Staurastrum hexacerum",0
2011-05-03,"Stichogloea olivacea",0
2011-05-03,"Teilingia granulata",0
2011-05-03,"Pseudanabaena limnetica",0
2011-05-03,"Microspora ",0
2011-05-03,"Aphanizomenon flos-aquae",0
2011-05-03,"Eunotia ",0
2011-05-03,"Colonial ",0
2011-05-03,"Quadrigula lacustris",0
2011-05-03,"Aphanothece ",0
2011-05-03,"Chrysococcus minutus",0
2011-05-03,"Stephanodiscus medius",0
2011-05-03,"Glenodinium quadridens",0
2011-05-03,"Chrysocapsaceae",0
2011-06-01,"Aphanocapsa delicatissima",570.9981
2011-06-01,"Chlamydomonas ",265010.7344
2011-06-01,"Cryptomonas erosa",1418641.328
2011-06-01,"Euglena ",29806.0252
2011-06-01,"Miscellaneous",0
2011-06-01,"Rhodospirillum rubrum",30477.0215
2011-06-01,"Synechococcus ",0
2011-06-01,"Total",1974378.175
2011-06-01,"Asterionella formosa",27917.3994
2011-06-01,"Chlorococcaceae",133342.0113
2011-06-01,"Chlorophyta",0
2011-06-01,"Chrysophyceae",2789.0163
2011-06-01,"Peridinium ",0
2011-06-01,"Rhodomonas minuta",0
2011-06-01,"Synechocystis ",0
2011-06-01,"Coelastrum ",0
2011-06-01,"Gymnodinium sp. 2",0
2011-06-01,"Gymnodinium sp. 3",0
2011-06-01,"Monomastix minuta",385.4237
2011-06-01,"Oocystis parva",0
2011-06-01,"Schroederia judayi",0
2011-06-01,"Dinobryon cylindricum",0
2011-06-01,"Lindavia intermedia",0
2011-06-01,"Sphaerocystis schroeteri",0
2011-06-01,"Chrysochromulina parva",0
2011-06-01,"Kephyrion ",0
2011-06-01,"Monoraphidium griffithii",0
2011-06-01,"Aphanizomenon ",0
2011-06-01,"Aphanothece saxicola",0
2011-06-01,"Kephyrion planctonicum",0
2011-06-01,"Tabellaria flocculosa",0
2011-06-01,"Oedogonium ",0
2011-06-01,"Phormidium ",2206.0277
2011-06-01,"Tabellaria binalis",6319.8038
2011-06-01,"Actinella punctata",0
2011-06-01,"Aphanothece nidulans",0
2011-06-01,"Gloeococcus minor",0
2011-06-01,"Mallomonas ",40981.5755
2011-06-01,"Planktothrix agardhii",0
2011-06-01,"Euglena acus",9764.045
2011-06-01,"Scenedesmus bijuga",6166.7654
2011-06-01,"Dinobryon cyst",0
2011-06-01,"Mougeotia ",0
2011-06-01,"Stichococcus bacillaris",0
2011-06-01,"Gonyostomum semen",0
2011-06-01,"Mucidosphaerium pulchellum",0
2011-06-01,"Spinocosmarium ",0
2011-06-01,"Synechococcus elongatus",0
2011-06-01,"Cyclotella sp. 1",0
2011-06-01,"Stephanodiscus parvus",0
2011-06-01,"Botryococcus braunii",0
2011-06-01,"Cyclotella ocellata",0
2011-06-01,"Peridinium inconspicuum",0
2011-06-01,"Uroglena ",0
2011-06-01,"Gymnodinium sp. 1",0
2011-06-01,"Peridinium umbonatum",0
2011-06-01,"Lepocinclis ",0
2011-06-01,"Dinobryon ",0
2011-06-01,"Dinobryon sociale",0
2011-06-01,"Monoraphidium arcuatum",0
2011-06-01,"Trachelomonas ",0
2011-06-01,"Cosmarium ",0
2011-06-01,"Dinobryon crenulatum",0
2011-06-01,"Fragilaria filiformis",0
2011-06-01,"Mallomonas akrokomas",0
2011-06-01,"Monomastix astigmata",0
2011-06-01,"Oocystis pusilla",0
2011-06-01,"Peridinium cinctum",0
2011-06-01,"Staurastrum ",0
2011-06-01,"Staurastrum hexacerum",0
2011-06-01,"Stichogloea olivacea",0
2011-06-01,"Teilingia granulata",0
2011-06-01,"Pseudanabaena limnetica",0
2011-06-01,"Microspora ",0
2011-06-01,"Aphanizomenon flos-aquae",0
2011-06-01,"Eunotia ",0
2011-06-01,"Colonial ",0
2011-06-01,"Quadrigula lacustris",0
2011-06-01,"Aphanothece ",0
2011-06-01,"Chrysococcus minutus",0
2011-06-01,"Stephanodiscus medius",0
2011-06-01,"Glenodinium quadridens",0
2011-06-01,"Chrysocapsaceae",0
2011-07-25,"Aphanocapsa delicatissima",0
2011-07-25,"Chlamydomonas ",19325.8779
2011-07-25,"Cryptomonas erosa",157239.8087
2011-07-25,"Euglena ",15896.5489
2011-07-25,"Miscellaneous",2506.041
2011-07-25,"Rhodospirillum rubrum",4782.1088
2011-07-25,"Synechococcus ",0
2011-07-25,"Total",438684.0712
2011-07-25,"Asterionella formosa",2240.3002
2011-07-25,"Chlorococcaceae",1827.1889
2011-07-25,"Chlorophyta",0
2011-07-25,"Chrysophyceae",8873.8617
2011-07-25,"Peridinium ",0
2011-07-25,"Rhodomonas minuta",406.0419
2011-07-25,"Synechocystis ",0
2011-07-25,"Coelastrum ",0
2011-07-25,"Gymnodinium sp. 2",0
2011-07-25,"Gymnodinium sp. 3",456.7972
2011-07-25,"Monomastix minuta",0
2011-07-25,"Oocystis parva",0
2011-07-25,"Schroederia judayi",0
2011-07-25,"Dinobryon cylindricum",15242.3136
2011-07-25,"Lindavia intermedia",0
2011-07-25,"Sphaerocystis schroeteri",0
2011-07-25,"Chrysochromulina parva",183.2267
2011-07-25,"Kephyrion ",0
2011-07-25,"Monoraphidium griffithii",131.9636
2011-07-25,"Aphanizomenon ",0
2011-07-25,"Aphanothece saxicola",0
2011-07-25,"Kephyrion planctonicum",114.1996
2011-07-25,"Tabellaria flocculosa",0
2011-07-25,"Oedogonium ",0
2011-07-25,"Phormidium ",0
2011-07-25,"Tabellaria binalis",0
2011-07-25,"Actinella punctata",823.8362
2011-07-25,"Aphanothece nidulans",0
2011-07-25,"Gloeococcus minor",0
2011-07-25,"Mallomonas ",0
2011-07-25,"Planktothrix agardhii",0
2011-07-25,"Euglena acus",0
2011-07-25,"Scenedesmus bijuga",0
2011-07-25,"Dinobryon cyst",3046.585
2011-07-25,"Mougeotia ",205558.8214
2011-07-25,"Stichococcus bacillaris",28.5499
2011-07-25,"Gonyostomum semen",0
2011-07-25,"Mucidosphaerium pulchellum",0
2011-07-25,"Spinocosmarium ",0
2011-07-25,"Synechococcus elongatus",0
2011-07-25,"Cyclotella sp. 1",0
2011-07-25,"Stephanodiscus parvus",0
2011-07-25,"Botryococcus braunii",0
2011-07-25,"Cyclotella ocellata",0
2011-07-25,"Peridinium inconspicuum",0
2011-07-25,"Uroglena ",0
2011-07-25,"Gymnodinium sp. 1",0
2011-07-25,"Peridinium umbonatum",0
2011-07-25,"Lepocinclis ",0
2011-07-25,"Dinobryon ",0
2011-07-25,"Dinobryon sociale",0
2011-07-25,"Monoraphidium arcuatum",0
2011-07-25,"Trachelomonas ",0
2011-07-25,"Cosmarium ",0
2011-07-25,"Dinobryon crenulatum",0
2011-07-25,"Fragilaria filiformis",0
2011-07-25,"Mallomonas akrokomas",0
2011-07-25,"Monomastix astigmata",0
2011-07-25,"Oocystis pusilla",0
2011-07-25,"Peridinium cinctum",0
2011-07-25,"Staurastrum ",0
2011-07-25,"Staurastrum hexacerum",0
2011-07-25,"Stichogloea olivacea",0
2011-07-25,"Teilingia granulata",0
2011-07-25,"Pseudanabaena limnetica",0
2011-07-25,"Microspora ",0
2011-07-25,"Aphanizomenon flos-aquae",0
2011-07-25,"Eunotia ",0
2011-07-25,"Colonial ",0
2011-07-25,"Quadrigula lacustris",0
2011-07-25,"Aphanothece ",0
2011-07-25,"Chrysococcus minutus",0
2011-07-25,"Stephanodiscus medius",0
2011-07-25,"Glenodinium quadridens",0
2011-07-25,"Chrysocapsaceae",0
2011-08-23,"Aphanocapsa delicatissima",0
2011-08-23,"Chlamydomonas ",108663.0247
2011-08-23,"Cryptomonas erosa",2067023.336
2011-08-23,"Euglena ",8313.7125
2011-08-23,"Miscellaneous",0
2011-08-23,"Rhodospirillum rubrum",7744.1612
2011-08-23,"Synechococcus ",0
2011-08-23,"Total",2717606.759
2011-08-23,"Asterionella formosa",0
2011-08-23,"Chlorococcaceae",2055.5876
2011-08-23,"Chlorophyta",549.6801
2011-08-23,"Chrysophyceae",35533.475
2011-08-23,"Peridinium ",0
2011-08-23,"Rhodomonas minuta",0
2011-08-23,"Synechocystis ",64.2355
2011-08-23,"Coelastrum ",0
2011-08-23,"Gymnodinium sp. 2",0
2011-08-23,"Gymnodinium sp. 3",0
2011-08-23,"Monomastix minuta",0
2011-08-23,"Oocystis parva",5329.3043
2011-08-23,"Schroederia judayi",102.78
2011-08-23,"Dinobryon cylindricum",0
2011-08-23,"Lindavia intermedia",0
2011-08-23,"Sphaerocystis schroeteri",22573.4021
2011-08-23,"Chrysochromulina parva",0
2011-08-23,"Kephyrion ",0
2011-08-23,"Monoraphidium griffithii",0
2011-08-23,"Aphanizomenon ",0
2011-08-23,"Aphanothece saxicola",0
2011-08-23,"Kephyrion planctonicum",0
2011-08-23,"Tabellaria flocculosa",0
2011-08-23,"Oedogonium ",0
2011-08-23,"Phormidium ",1812.0311
2011-08-23,"Tabellaria binalis",0
2011-08-23,"Actinella punctata",0
2011-08-23,"Aphanothece nidulans",0
2011-08-23,"Gloeococcus minor",0
2011-08-23,"Mallomonas ",0
2011-08-23,"Planktothrix agardhii",0
2011-08-23,"Euglena acus",0
2011-08-23,"Scenedesmus bijuga",0
2011-08-23,"Dinobryon cyst",0
2011-08-23,"Mougeotia ",0
2011-08-23,"Stichococcus bacillaris",0
2011-08-23,"Gonyostomum semen",456797.3798
2011-08-23,"Mucidosphaerium pulchellum",1044.6487
2011-08-23,"Spinocosmarium ",0
2011-08-23,"Synechococcus elongatus",0
2011-08-23,"Cyclotella sp. 1",0
2011-08-23,"Stephanodiscus parvus",0
2011-08-23,"Botryococcus braunii",0
2011-08-23,"Cyclotella ocellata",0
2011-08-23,"Peridinium inconspicuum",0
2011-08-23,"Uroglena ",0
2011-08-23,"Gymnodinium sp. 1",0
2011-08-23,"Peridinium umbonatum",0
2011-08-23,"Lepocinclis ",0
2011-08-23,"Dinobryon ",0
2011-08-23,"Dinobryon sociale",0
2011-08-23,"Monoraphidium arcuatum",0
2011-08-23,"Trachelomonas ",0
2011-08-23,"Cosmarium ",0
2011-08-23,"Dinobryon crenulatum",0
2011-08-23,"Fragilaria filiformis",0
2011-08-23,"Mallomonas akrokomas",0
2011-08-23,"Monomastix astigmata",0
2011-08-23,"Oocystis pusilla",0
2011-08-23,"Peridinium cinctum",0
2011-08-23,"Staurastrum ",0
2011-08-23,"Staurastrum hexacerum",0
2011-08-23,"Stichogloea olivacea",0
2011-08-23,"Teilingia granulata",0
2011-08-23,"Pseudanabaena limnetica",0
2011-08-23,"Microspora ",0
2011-08-23,"Aphanizomenon flos-aquae",0
2011-08-23,"Eunotia ",0
2011-08-23,"Colonial ",0
2011-08-23,"Quadrigula lacustris",0
2011-08-23,"Aphanothece ",0
2011-08-23,"Chrysococcus minutus",0
2011-08-23,"Stephanodiscus medius",0
2011-08-23,"Glenodinium quadridens",0
2011-08-23,"Chrysocapsaceae",0
2011-11-11,"Aphanocapsa delicatissima",0
2011-11-11,"Chlamydomonas ",7079.0888
2011-11-11,"Cryptomonas erosa",728330.1268
2011-11-11,"Euglena ",8983.6819
2011-11-11,"Miscellaneous",0
2011-11-11,"Rhodospirillum rubrum",1723.6813
2011-11-11,"Synechococcus ",0
2011-11-11,"Total",837527.46
2011-11-11,"Asterionella formosa",585.167
2011-11-11,"Chlorococcaceae",0
2011-11-11,"Chlorophyta",0
2011-11-11,"Chrysophyceae",20700.1792
2011-11-11,"Peridinium ",0
2011-11-11,"Rhodomonas minuta",0
2011-11-11,"Synechocystis ",0
2011-11-11,"Coelastrum ",0
2011-11-11,"Gymnodinium sp. 2",1605.9283
2011-11-11,"Gymnodinium sp. 3",0
2011-11-11,"Monomastix minuta",0
2011-11-11,"Oocystis parva",0
2011-11-11,"Schroederia judayi",0
2011-11-11,"Dinobryon cylindricum",0
2011-11-11,"Lindavia intermedia",0
2011-11-11,"Sphaerocystis schroeteri",0
2011-11-11,"Chrysochromulina parva",0
2011-11-11,"Kephyrion ",0
2011-11-11,"Monoraphidium griffithii",0
2011-11-11,"Aphanizomenon ",0
2011-11-11,"Aphanothece saxicola",0
2011-11-11,"Kephyrion planctonicum",0
2011-11-11,"Tabellaria flocculosa",0
2011-11-11,"Oedogonium ",0
2011-11-11,"Phormidium ",0
2011-11-11,"Tabellaria binalis",0
2011-11-11,"Actinella punctata",0
2011-11-11,"Aphanothece nidulans",0
2011-11-11,"Gloeococcus minor",0
2011-11-11,"Mallomonas ",68519.6067
2011-11-11,"Planktothrix agardhii",0
2011-11-11,"Euglena acus",0
2011-11-11,"Scenedesmus bijuga",0
2011-11-11,"Dinobryon cyst",0
2011-11-11,"Mougeotia ",0
2011-11-11,"Stichococcus bacillaris",0
2011-11-11,"Gonyostomum semen",0
2011-11-11,"Mucidosphaerium pulchellum",0
2011-11-11,"Spinocosmarium ",0
2011-11-11,"Synechococcus elongatus",0
2011-11-11,"Cyclotella sp. 1",0
2011-11-11,"Stephanodiscus parvus",0
2011-11-11,"Botryococcus braunii",0
2011-11-11,"Cyclotella ocellata",0
2011-11-11,"Peridinium inconspicuum",0
2011-11-11,"Uroglena ",0
2011-11-11,"Gymnodinium sp. 1",0
2011-11-11,"Peridinium umbonatum",0
2011-11-11,"Lepocinclis ",0
2011-11-11,"Dinobryon ",0
2011-11-11,"Dinobryon sociale",0
2011-11-11,"Monoraphidium arcuatum",0
2011-11-11,"Trachelomonas ",0
2011-11-11,"Cosmarium ",0
2011-11-11,"Dinobryon crenulatum",0
2011-11-11,"Fragilaria filiformis",0
2011-11-11,"Mallomonas akrokomas",0
2011-11-11,"Monomastix astigmata",0
2011-11-11,"Oocystis pusilla",0
2011-11-11,"Peridinium cinctum",0
2011-11-11,"Staurastrum ",0
2011-11-11,"Staurastrum hexacerum",0
2011-11-11,"Stichogloea olivacea",0
2011-11-11,"Teilingia granulata",0
2011-11-11,"Pseudanabaena limnetica",0
2011-11-11,"Microspora ",0
2011-11-11,"Aphanizomenon flos-aquae",0
2011-11-11,"Eunotia ",0
2011-11-11,"Colonial ",0
2011-11-11,"Quadrigula lacustris",0
2011-11-11,"Aphanothece ",0
2011-11-11,"Chrysococcus minutus",0
2011-11-11,"Stephanodiscus medius",0
2011-11-11,"Glenodinium quadridens",0
2011-11-11,"Chrysocapsaceae",0
2012-02-20,"Aphanocapsa delicatissima",0
2012-02-20,"Chlamydomonas ",185529.3382
2012-02-20,"Cryptomonas erosa",142624.2236
2012-02-20,"Euglena ",54751.0818
2012-02-20,"Miscellaneous",5676.1378
2012-02-20,"Rhodospirillum rubrum",2983.2721
2012-02-20,"Synechococcus ",0
2012-02-20,"Total",417869.8666
2012-02-20,"Asterionella formosa",0
2012-02-20,"Chlorococcaceae",0
2012-02-20,"Chlorophyta",0
2012-02-20,"Chrysophyceae",10905.3472
2012-02-20,"Peridinium ",0
2012-02-20,"Rhodomonas minuta",3153.4078
2012-02-20,"Synechocystis ",0
2012-02-20,"Coelastrum ",0
2012-02-20,"Gymnodinium sp. 2",0
2012-02-20,"Gymnodinium sp. 3",0
2012-02-20,"Monomastix minuta",0
2012-02-20,"Oocystis parva",0
2012-02-20,"Schroederia judayi",0
2012-02-20,"Dinobryon cylindricum",0
2012-02-20,"Lindavia intermedia",0
2012-02-20,"Sphaerocystis schroeteri",0
2012-02-20,"Chrysochromulina parva",0
2012-02-20,"Kephyrion ",0
2012-02-20,"Monoraphidium griffithii",0
2012-02-20,"Aphanizomenon ",0
2012-02-20,"Aphanothece saxicola",0
2012-02-20,"Kephyrion planctonicum",0
2012-02-20,"Tabellaria flocculosa",3681.071
2012-02-20,"Oedogonium ",0
2012-02-20,"Phormidium ",0
2012-02-20,"Tabellaria binalis",0
2012-02-20,"Actinella punctata",0
2012-02-20,"Aphanothece nidulans",0
2012-02-20,"Gloeococcus minor",0
2012-02-20,"Mallomonas ",4414.7737
2012-02-20,"Planktothrix agardhii",0
2012-02-20,"Euglena acus",0
2012-02-20,"Scenedesmus bijuga",0
2012-02-20,"Dinobryon cyst",0
2012-02-20,"Mougeotia ",0
2012-02-20,"Stichococcus bacillaris",0
2012-02-20,"Gonyostomum semen",0
2012-02-20,"Mucidosphaerium pulchellum",0
2012-02-20,"Spinocosmarium ",4111.7957
2012-02-20,"Synechococcus elongatus",39.4177
2012-02-20,"Cyclotella sp. 1",0
2012-02-20,"Stephanodiscus parvus",0
2012-02-20,"Botryococcus braunii",0
2012-02-20,"Cyclotella ocellata",0
2012-02-20,"Peridinium inconspicuum",0
2012-02-20,"Uroglena ",0
2012-02-20,"Gymnodinium sp. 1",0
2012-02-20,"Peridinium umbonatum",0
2012-02-20,"Lepocinclis ",0
2012-02-20,"Dinobryon ",0
2012-02-20,"Dinobryon sociale",0
2012-02-20,"Monoraphidium arcuatum",0
2012-02-20,"Trachelomonas ",0
2012-02-20,"Cosmarium ",0
2012-02-20,"Dinobryon crenulatum",0
2012-02-20,"Fragilaria filiformis",0
2012-02-20,"Mallomonas akrokomas",0
2012-02-20,"Monomastix astigmata",0
2012-02-20,"Oocystis pusilla",0
2012-02-20,"Peridinium cinctum",0
2012-02-20,"Staurastrum ",0
2012-02-20,"Staurastrum hexacerum",0
2012-02-20,"Stichogloea olivacea",0
2012-02-20,"Teilingia granulata",0
2012-02-20,"Pseudanabaena limnetica",0
2012-02-20,"Microspora ",0
2012-02-20,"Aphanizomenon flos-aquae",0
2012-02-20,"Eunotia ",0
2012-02-20,"Colonial ",0
2012-02-20,"Quadrigula lacustris",0
2012-02-20,"Aphanothece ",0
2012-02-20,"Chrysococcus minutus",0
2012-02-20,"Stephanodiscus medius",0
2012-02-20,"Glenodinium quadridens",0
2012-02-20,"Chrysocapsaceae",0
2012-04-02,"Aphanocapsa delicatissima",0
2012-04-02,"Chlamydomonas ",1433268.301
2012-04-02,"Cryptomonas erosa",31928.2729
2012-04-02,"Euglena ",0
2012-04-02,"Miscellaneous",0
2012-04-02,"Rhodospirillum rubrum",40324.1163
2012-04-02,"Synechococcus ",0
2012-04-02,"Total",1686718.59
2012-04-02,"Asterionella formosa",0
2012-04-02,"Chlorococcaceae",0
2012-04-02,"Chlorophyta",0
2012-04-02,"Chrysophyceae",114500.5215
2012-04-02,"Peridinium ",0
2012-04-02,"Rhodomonas minuta",0
2012-04-02,"Synechocystis ",224.4899
2012-04-02,"Coelastrum ",0
2012-04-02,"Gymnodinium sp. 2",62792.2674
2012-04-02,"Gymnodinium sp. 3",0
2012-04-02,"Monomastix minuta",0
2012-04-02,"Oocystis parva",0
2012-04-02,"Schroederia judayi",0
2012-04-02,"Dinobryon cylindricum",0
2012-04-02,"Lindavia intermedia",0
2012-04-02,"Sphaerocystis schroeteri",0
2012-04-02,"Chrysochromulina parva",0
2012-04-02,"Kephyrion ",0
2012-04-02,"Monoraphidium griffithii",0
2012-04-02,"Aphanizomenon ",0
2012-04-02,"Aphanothece saxicola",0
2012-04-02,"Kephyrion planctonicum",0
2012-04-02,"Tabellaria flocculosa",0
2012-04-02,"Oedogonium ",0
2012-04-02,"Phormidium ",0
2012-04-02,"Tabellaria binalis",0
2012-04-02,"Actinella punctata",0
2012-04-02,"Aphanothece nidulans",0
2012-04-02,"Gloeococcus minor",0
2012-04-02,"Mallomonas ",0
2012-04-02,"Planktothrix agardhii",0
2012-04-02,"Euglena acus",0
2012-04-02,"Scenedesmus bijuga",0
2012-04-02,"Dinobryon cyst",0
2012-04-02,"Mougeotia ",0
2012-04-02,"Stichococcus bacillaris",0
2012-04-02,"Gonyostomum semen",0
2012-04-02,"Mucidosphaerium pulchellum",0
2012-04-02,"Spinocosmarium ",0
2012-04-02,"Synechococcus elongatus",88.6899
2012-04-02,"Cyclotella sp. 1",3591.9308
2012-04-02,"Stephanodiscus parvus",0
2012-04-02,"Botryococcus braunii",0
2012-04-02,"Cyclotella ocellata",0
2012-04-02,"Peridinium inconspicuum",0
2012-04-02,"Uroglena ",0
2012-04-02,"Gymnodinium sp. 1",0
2012-04-02,"Peridinium umbonatum",0
2012-04-02,"Lepocinclis ",0
2012-04-02,"Dinobryon ",0
2012-04-02,"Dinobryon sociale",0
2012-04-02,"Monoraphidium arcuatum",0
2012-04-02,"Trachelomonas ",0
2012-04-02,"Cosmarium ",0
2012-04-02,"Dinobryon crenulatum",0
2012-04-02,"Fragilaria filiformis",0
2012-04-02,"Mallomonas akrokomas",0
2012-04-02,"Monomastix astigmata",0
2012-04-02,"Oocystis pusilla",0
2012-04-02,"Peridinium cinctum",0
2012-04-02,"Staurastrum ",0
2012-04-02,"Staurastrum hexacerum",0
2012-04-02,"Stichogloea olivacea",0
2012-04-02,"Teilingia granulata",0
2012-04-02,"Pseudanabaena limnetica",0
2012-04-02,"Microspora ",0
2012-04-02,"Aphanizomenon flos-aquae",0
2012-04-02,"Eunotia ",0
2012-04-02,"Colonial ",0
2012-04-02,"Quadrigula lacustris",0
2012-04-02,"Aphanothece ",0
2012-04-02,"Chrysococcus minutus",0
2012-04-02,"Stephanodiscus medius",0
2012-04-02,"Glenodinium quadridens",0
2012-04-02,"Chrysocapsaceae",0
2012-06-26,"Aphanocapsa delicatissima",0
2012-06-26,"Chlamydomonas ",72709.2984
2012-06-26,"Cryptomonas erosa",296814.7088
2012-06-26,"Euglena ",113404.5155
2012-06-26,"Miscellaneous",0
2012-06-26,"Rhodospirillum rubrum",7021.2805
2012-06-26,"Synechococcus ",0
2012-06-26,"Total",589774.6885
2012-06-26,"Asterionella formosa",0
2012-06-26,"Chlorococcaceae",0
2012-06-26,"Chlorophyta",0
2012-06-26,"Chrysophyceae",31087.5373
2012-06-26,"Peridinium ",0
2012-06-26,"Rhodomonas minuta",0
2012-06-26,"Synechocystis ",0
2012-06-26,"Coelastrum ",0
2012-06-26,"Gymnodinium sp. 2",0
2012-06-26,"Gymnodinium sp. 3",0
2012-06-26,"Monomastix minuta",554.3116
2012-06-26,"Oocystis parva",0
2012-06-26,"Schroederia judayi",0
2012-06-26,"Dinobryon cylindricum",1576.7039
2012-06-26,"Lindavia intermedia",0
2012-06-26,"Sphaerocystis schroeteri",0
2012-06-26,"Chrysochromulina parva",711.4889
2012-06-26,"Kephyrion ",0
2012-06-26,"Monoraphidium griffithii",975.5856
2012-06-26,"Aphanizomenon ",0
2012-06-26,"Aphanothece saxicola",0
2012-06-26,"Kephyrion planctonicum",0
2012-06-26,"Tabellaria flocculosa",0
2012-06-26,"Oedogonium ",0
2012-06-26,"Phormidium ",0
2012-06-26,"Tabellaria binalis",0
2012-06-26,"Actinella punctata",0
2012-06-26,"Aphanothece nidulans",0
2012-06-26,"Gloeococcus minor",0
2012-06-26,"Mallomonas ",34490.4206
2012-06-26,"Planktothrix agardhii",0
2012-06-26,"Euglena acus",0
2012-06-26,"Scenedesmus bijuga",0
2012-06-26,"Dinobryon cyst",0
2012-06-26,"Mougeotia ",0
2012-06-26,"Stichococcus bacillaris",0
2012-06-26,"Gonyostomum semen",25698.7234
2012-06-26,"Mucidosphaerium pulchellum",0
2012-06-26,"Spinocosmarium ",0
2012-06-26,"Synechococcus elongatus",0
2012-06-26,"Cyclotella sp. 1",0
2012-06-26,"Stephanodiscus parvus",4730.114
2012-06-26,"Botryococcus braunii",0
2012-06-26,"Cyclotella ocellata",0
2012-06-26,"Peridinium inconspicuum",0
2012-06-26,"Uroglena ",0
2012-06-26,"Gymnodinium sp. 1",0
2012-06-26,"Peridinium umbonatum",0
2012-06-26,"Lepocinclis ",0
2012-06-26,"Dinobryon ",0
2012-06-26,"Dinobryon sociale",0
2012-06-26,"Monoraphidium arcuatum",0
2012-06-26,"Trachelomonas ",0
2012-06-26,"Cosmarium ",0
2012-06-26,"Dinobryon crenulatum",0
2012-06-26,"Fragilaria filiformis",0
2012-06-26,"Mallomonas akrokomas",0
2012-06-26,"Monomastix astigmata",0
2012-06-26,"Oocystis pusilla",0
2012-06-26,"Peridinium cinctum",0
2012-06-26,"Staurastrum ",0
2012-06-26,"Staurastrum hexacerum",0
2012-06-26,"Stichogloea olivacea",0
2012-06-26,"Teilingia granulata",0
2012-06-26,"Pseudanabaena limnetica",0
2012-06-26,"Microspora ",0
2012-06-26,"Aphanizomenon flos-aquae",0
2012-06-26,"Eunotia ",0
2012-06-26,"Colonial ",0
2012-06-26,"Quadrigula lacustris",0
2012-06-26,"Aphanothece ",0
2012-06-26,"Chrysococcus minutus",0
2012-06-26,"Stephanodiscus medius",0
2012-06-26,"Glenodinium quadridens",0
2012-06-26,"Chrysocapsaceae",0
2012-07-23,"Aphanocapsa delicatissima",0
2012-07-23,"Chlamydomonas ",3680.6207
2012-07-23,"Cryptomonas erosa",32933.4232
2012-07-23,"Euglena ",34101.1744
2012-07-23,"Miscellaneous",0
2012-07-23,"Rhodospirillum rubrum",4972.1201
2012-07-23,"Synechococcus ",0
2012-07-23,"Total",1490280.352
2012-07-23,"Asterionella formosa",0
2012-07-23,"Chlorococcaceae",8634.9244
2012-07-23,"Chlorophyta",0
2012-07-23,"Chrysophyceae",34294.3154
2012-07-23,"Peridinium ",0
2012-07-23,"Rhodomonas minuta",0
2012-07-23,"Synechocystis ",49.8866
2012-07-23,"Coelastrum ",0
2012-07-23,"Gymnodinium sp. 2",0
2012-07-23,"Gymnodinium sp. 3",1064.2755
2012-07-23,"Monomastix minuta",0
2012-07-23,"Oocystis parva",0
2012-07-23,"Schroederia judayi",0
2012-07-23,"Dinobryon cylindricum",0
2012-07-23,"Lindavia intermedia",0
2012-07-23,"Sphaerocystis schroeteri",0
2012-07-23,"Chrysochromulina parva",0
2012-07-23,"Kephyrion ",0
2012-07-23,"Monoraphidium griffithii",591.2657
2012-07-23,"Aphanizomenon ",0
2012-07-23,"Aphanothece saxicola",0
2012-07-23,"Kephyrion planctonicum",0
2012-07-23,"Tabellaria flocculosa",0
2012-07-23,"Oedogonium ",0
2012-07-23,"Phormidium ",0
2012-07-23,"Tabellaria binalis",0
2012-07-23,"Actinella punctata",0
2012-07-23,"Aphanothece nidulans",0
2012-07-23,"Gloeococcus minor",0
2012-07-23,"Mallomonas ",17737.9294
2012-07-23,"Planktothrix agardhii",0
2012-07-23,"Euglena acus",0
2012-07-23,"Scenedesmus bijuga",0
2012-07-23,"Dinobryon cyst",0
2012-07-23,"Mougeotia ",0
2012-07-23,"Stichococcus bacillaris",0
2012-07-23,"Gonyostomum semen",1351039.017
2012-07-23,"Mucidosphaerium pulchellum",1181.3994
2012-07-23,"Spinocosmarium ",0
2012-07-23,"Synechococcus elongatus",0
2012-07-23,"Cyclotella sp. 1",0
2012-07-23,"Stephanodiscus parvus",0
2012-07-23,"Botryococcus braunii",0
2012-07-23,"Cyclotella ocellata",0
2012-07-23,"Peridinium inconspicuum",0
2012-07-23,"Uroglena ",0
2012-07-23,"Gymnodinium sp. 1",0
2012-07-23,"Peridinium umbonatum",0
2012-07-23,"Lepocinclis ",0
2012-07-23,"Dinobryon ",0
2012-07-23,"Dinobryon sociale",0
2012-07-23,"Monoraphidium arcuatum",0
2012-07-23,"Trachelomonas ",0
2012-07-23,"Cosmarium ",0
2012-07-23,"Dinobryon crenulatum",0
2012-07-23,"Fragilaria filiformis",0
2012-07-23,"Mallomonas akrokomas",0
2012-07-23,"Monomastix astigmata",0
2012-07-23,"Oocystis pusilla",0
2012-07-23,"Peridinium cinctum",0
2012-07-23,"Staurastrum ",0
2012-07-23,"Staurastrum hexacerum",0
2012-07-23,"Stichogloea olivacea",0
2012-07-23,"Teilingia granulata",0
2012-07-23,"Pseudanabaena limnetica",0
2012-07-23,"Microspora ",0
2012-07-23,"Aphanizomenon flos-aquae",0
2012-07-23,"Eunotia ",0
2012-07-23,"Colonial ",0
2012-07-23,"Quadrigula lacustris",0
2012-07-23,"Aphanothece ",0
2012-07-23,"Chrysococcus minutus",0
2012-07-23,"Stephanodiscus medius",0
2012-07-23,"Glenodinium quadridens",0
2012-07-23,"Chrysocapsaceae",0
2012-08-21,"Aphanocapsa delicatissima",0
2012-08-21,"Chlamydomonas ",115813.1856
2012-08-21,"Cryptomonas erosa",178585.4826
2012-08-21,"Euglena ",30863.9917
2012-08-21,"Miscellaneous",0
2012-08-21,"Rhodospirillum rubrum",3602.8138
2012-08-21,"Synechococcus ",0
2012-08-21,"Total",889026.5609
2012-08-21,"Asterionella formosa",0
2012-08-21,"Chlorococcaceae",10583.6339
2012-08-21,"Chlorophyta",0
2012-08-21,"Chrysophyceae",47682.6559
2012-08-21,"Peridinium ",0
2012-08-21,"Rhodomonas minuta",1330.3451
2012-08-21,"Synechocystis ",49.8866
2012-08-21,"Coelastrum ",0
2012-08-21,"Gymnodinium sp. 2",0
2012-08-21,"Gymnodinium sp. 3",0
2012-08-21,"Monomastix minuta",6073.3808
2012-08-21,"Oocystis parva",0
2012-08-21,"Schroederia judayi",0
2012-08-21,"Dinobryon cylindricum",0
2012-08-21,"Lindavia intermedia",0
2012-08-21,"Sphaerocystis schroeteri",0
2012-08-21,"Chrysochromulina parva",0
2012-08-21,"Kephyrion ",0
2012-08-21,"Monoraphidium griffithii",931.2407
2012-08-21,"Aphanizomenon ",0
2012-08-21,"Aphanothece saxicola",0
2012-08-21,"Kephyrion planctonicum",0
2012-08-21,"Tabellaria flocculosa",0
2012-08-21,"Oedogonium ",0
2012-08-21,"Phormidium ",0
2012-08-21,"Tabellaria binalis",0
2012-08-21,"Actinella punctata",0
2012-08-21,"Aphanothece nidulans",0
2012-08-21,"Gloeococcus minor",0
2012-08-21,"Mallomonas ",36050.5699
2012-08-21,"Planktothrix agardhii",0
2012-08-21,"Euglena acus",0
2012-08-21,"Scenedesmus bijuga",0
2012-08-21,"Dinobryon cyst",0
2012-08-21,"Mougeotia ",0
2012-08-21,"Stichococcus bacillaris",0
2012-08-21,"Gonyostomum semen",376931.0182
2012-08-21,"Mucidosphaerium pulchellum",0
2012-08-21,"Spinocosmarium ",0
2012-08-21,"Synechococcus elongatus",0
2012-08-21,"Cyclotella sp. 1",2394.6205
2012-08-21,"Stephanodiscus parvus",0
2012-08-21,"Botryococcus braunii",71897.7441
2012-08-21,"Cyclotella ocellata",692.8881
2012-08-21,"Peridinium inconspicuum",4434.483
2012-08-21,"Uroglena ",1108.6204
2012-08-21,"Gymnodinium sp. 1",0
2012-08-21,"Peridinium umbonatum",0
2012-08-21,"Lepocinclis ",0
2012-08-21,"Dinobryon ",0
2012-08-21,"Dinobryon sociale",0
2012-08-21,"Monoraphidium arcuatum",0
2012-08-21,"Trachelomonas ",0
2012-08-21,"Cosmarium ",0
2012-08-21,"Dinobryon crenulatum",0
2012-08-21,"Fragilaria filiformis",0
2012-08-21,"Mallomonas akrokomas",0
2012-08-21,"Monomastix astigmata",0
2012-08-21,"Oocystis pusilla",0
2012-08-21,"Peridinium cinctum",0
2012-08-21,"Staurastrum ",0
2012-08-21,"Staurastrum hexacerum",0
2012-08-21,"Stichogloea olivacea",0
2012-08-21,"Teilingia granulata",0
2012-08-21,"Pseudanabaena limnetica",0
2012-08-21,"Microspora ",0
2012-08-21,"Aphanizomenon flos-aquae",0
2012-08-21,"Eunotia ",0
2012-08-21,"Colonial ",0
2012-08-21,"Quadrigula lacustris",0
2012-08-21,"Aphanothece ",0
2012-08-21,"Chrysococcus minutus",0
2012-08-21,"Stephanodiscus medius",0
2012-08-21,"Glenodinium quadridens",0
2012-08-21,"Chrysocapsaceae",0
2012-11-05,"Aphanocapsa delicatissima",199.5522
2012-11-05,"Chlamydomonas ",119724.6544
2012-11-05,"Cryptomonas erosa",42792.7551
2012-11-05,"Euglena ",4150.6761
2012-11-05,"Miscellaneous",40655.3397
2012-11-05,"Rhodospirillum rubrum",494.7231
2012-11-05,"Synechococcus ",44.3449
2012-11-05,"Total",484916.0114
2012-11-05,"Asterionella formosa",3768.5987
2012-11-05,"Chlorococcaceae",1402.4042
2012-11-05,"Chlorophyta",0
2012-11-05,"Chrysophyceae",10931.8169
2012-11-05,"Peridinium ",0
2012-11-05,"Rhodomonas minuta",0
2012-11-05,"Synechocystis ",18.7075
2012-11-05,"Coelastrum ",0
2012-11-05,"Gymnodinium sp. 2",0
2012-11-05,"Gymnodinium sp. 3",0
2012-11-05,"Monomastix minuta",803.7518
2012-11-05,"Oocystis parva",1995.5176
2012-11-05,"Schroederia judayi",0
2012-11-05,"Dinobryon cylindricum",0
2012-11-05,"Lindavia intermedia",0
2012-11-05,"Sphaerocystis schroeteri",0
2012-11-05,"Chrysochromulina parva",960.51
2012-11-05,"Kephyrion ",0
2012-11-05,"Monoraphidium griffithii",498.8794
2012-11-05,"Aphanizomenon ",0
2012-11-05,"Aphanothece saxicola",0
2012-11-05,"Kephyrion planctonicum",0
2012-11-05,"Tabellaria flocculosa",0
2012-11-05,"Oedogonium ",0
2012-11-05,"Phormidium ",0
2012-11-05,"Tabellaria binalis",0
2012-11-05,"Actinella punctata",13020.6865
2012-11-05,"Aphanothece nidulans",0
2012-11-05,"Gloeococcus minor",0
2012-11-05,"Mallomonas ",0
2012-11-05,"Planktothrix agardhii",0
2012-11-05,"Euglena acus",0
2012-11-05,"Scenedesmus bijuga",0
2012-11-05,"Dinobryon cyst",0
2012-11-05,"Mougeotia ",0
2012-11-05,"Stichococcus bacillaris",0
2012-11-05,"Gonyostomum semen",0
2012-11-05,"Mucidosphaerium pulchellum",0
2012-11-05,"Spinocosmarium ",0
2012-11-05,"Synechococcus elongatus",0
2012-11-05,"Cyclotella sp. 1",0
2012-11-05,"Stephanodiscus parvus",0
2012-11-05,"Botryococcus braunii",0
2012-11-05,"Cyclotella ocellata",0
2012-11-05,"Peridinium inconspicuum",0
2012-11-05,"Uroglena ",0
2012-11-05,"Gymnodinium sp. 1",99775.858
2012-11-05,"Peridinium umbonatum",143677.2353
2012-11-05,"Lepocinclis ",0
2012-11-05,"Dinobryon ",0
2012-11-05,"Dinobryon sociale",0
2012-11-05,"Monoraphidium arcuatum",0
2012-11-05,"Trachelomonas ",0
2012-11-05,"Cosmarium ",0
2012-11-05,"Dinobryon crenulatum",0
2012-11-05,"Fragilaria filiformis",0
2012-11-05,"Mallomonas akrokomas",0
2012-11-05,"Monomastix astigmata",0
2012-11-05,"Oocystis pusilla",0
2012-11-05,"Peridinium cinctum",0
2012-11-05,"Staurastrum ",0
2012-11-05,"Staurastrum hexacerum",0
2012-11-05,"Stichogloea olivacea",0
2012-11-05,"Teilingia granulata",0
2012-11-05,"Pseudanabaena limnetica",0
2012-11-05,"Microspora ",0
2012-11-05,"Aphanizomenon flos-aquae",0
2012-11-05,"Eunotia ",0
2012-11-05,"Colonial ",0
2012-11-05,"Quadrigula lacustris",0
2012-11-05,"Aphanothece ",0
2012-11-05,"Chrysococcus minutus",0
2012-11-05,"Stephanodiscus medius",0
2012-11-05,"Glenodinium quadridens",0
2012-11-05,"Chrysocapsaceae",0
2013-02-18,"Aphanocapsa delicatissima",0
2013-02-18,"Chlamydomonas ",18447.4539
2013-02-18,"Cryptomonas erosa",8656.1099
2013-02-18,"Euglena ",2469.1193
2013-02-18,"Miscellaneous",143038.6838
2013-02-18,"Rhodospirillum rubrum",2234.9844
2013-02-18,"Synechococcus ",11.8253
2013-02-18,"Total",204871.5581
2013-02-18,"Asterionella formosa",0
2013-02-18,"Chlorococcaceae",0
2013-02-18,"Chlorophyta",0
2013-02-18,"Chrysophyceae",15646.324
2013-02-18,"Peridinium ",5978.8652
2013-02-18,"Rhodomonas minuta",1324.4313
2013-02-18,"Synechocystis ",9.9773
2013-02-18,"Coelastrum ",0
2013-02-18,"Gymnodinium sp. 2",0
2013-02-18,"Gymnodinium sp. 3",0
2013-02-18,"Monomastix minuta",53.2139
2013-02-18,"Oocystis parva",0
2013-02-18,"Schroederia judayi",0
2013-02-18,"Dinobryon cylindricum",0
2013-02-18,"Lindavia intermedia",0
2013-02-18,"Sphaerocystis schroeteri",0
2013-02-18,"Chrysochromulina parva",0
2013-02-18,"Kephyrion ",0
2013-02-18,"Monoraphidium griffithii",0
2013-02-18,"Aphanizomenon ",0
2013-02-18,"Aphanothece saxicola",0
2013-02-18,"Kephyrion planctonicum",0
2013-02-18,"Tabellaria flocculosa",0
2013-02-18,"Oedogonium ",0
2013-02-18,"Phormidium ",0
2013-02-18,"Tabellaria binalis",0
2013-02-18,"Actinella punctata",0
2013-02-18,"Aphanothece nidulans",0
2013-02-18,"Gloeococcus minor",0
2013-02-18,"Mallomonas ",4730.1145
2013-02-18,"Planktothrix agardhii",0
2013-02-18,"Euglena acus",0
2013-02-18,"Scenedesmus bijuga",0
2013-02-18,"Dinobryon cyst",0
2013-02-18,"Mougeotia ",0
2013-02-18,"Stichococcus bacillaris",0
2013-02-18,"Gonyostomum semen",0
2013-02-18,"Mucidosphaerium pulchellum",0
2013-02-18,"Spinocosmarium ",0
2013-02-18,"Synechococcus elongatus",0
2013-02-18,"Cyclotella sp. 1",0
2013-02-18,"Stephanodiscus parvus",0
2013-02-18,"Botryococcus braunii",0
2013-02-18,"Cyclotella ocellata",0
2013-02-18,"Peridinium inconspicuum",0
2013-02-18,"Uroglena ",0
2013-02-18,"Gymnodinium sp. 1",0
2013-02-18,"Peridinium umbonatum",0
2013-02-18,"Lepocinclis ",2270.4553
2013-02-18,"Dinobryon ",0
2013-02-18,"Dinobryon sociale",0
2013-02-18,"Monoraphidium arcuatum",0
2013-02-18,"Trachelomonas ",0
2013-02-18,"Cosmarium ",0
2013-02-18,"Dinobryon crenulatum",0
2013-02-18,"Fragilaria filiformis",0
2013-02-18,"Mallomonas akrokomas",0
2013-02-18,"Monomastix astigmata",0
2013-02-18,"Oocystis pusilla",0
2013-02-18,"Peridinium cinctum",0
2013-02-18,"Staurastrum ",0
2013-02-18,"Staurastrum hexacerum",0
2013-02-18,"Stichogloea olivacea",0
2013-02-18,"Teilingia granulata",0
2013-02-18,"Pseudanabaena limnetica",0
2013-02-18,"Microspora ",0
2013-02-18,"Aphanizomenon flos-aquae",0
2013-02-18,"Eunotia ",0
2013-02-18,"Colonial ",0
2013-02-18,"Quadrigula lacustris",0
2013-02-18,"Aphanothece ",0
2013-02-18,"Chrysococcus minutus",0
2013-02-18,"Stephanodiscus medius",0
2013-02-18,"Glenodinium quadridens",0
2013-02-18,"Chrysocapsaceae",0
2013-05-13,"Aphanocapsa delicatissima",0
2013-05-13,"Chlamydomonas ",399990.3306
2013-05-13,"Cryptomonas erosa",171703.1682
2013-05-13,"Euglena ",7716.0008
2013-05-13,"Miscellaneous",66517.2351
2013-05-13,"Rhodospirillum rubrum",6305.2946
2013-05-13,"Synechococcus ",0
2013-05-13,"Total",2686187.18
2013-05-13,"Asterionella formosa",0
2013-05-13,"Chlorococcaceae",0
2013-05-13,"Chlorophyta",0
2013-05-13,"Chrysophyceae",41310.7274
2013-05-13,"Peridinium ",7581.1234
2013-05-13,"Rhodomonas minuta",22172.4138
2013-05-13,"Synechocystis ",37.415
2013-05-13,"Coelastrum ",0
2013-05-13,"Gymnodinium sp. 2",60663.7299
2013-05-13,"Gymnodinium sp. 3",0
2013-05-13,"Monomastix minuta",0
2013-05-13,"Oocystis parva",0
2013-05-13,"Schroederia judayi",0
2013-05-13,"Dinobryon cylindricum",0
2013-05-13,"Lindavia intermedia",0
2013-05-13,"Sphaerocystis schroeteri",0
2013-05-13,"Chrysochromulina parva",0
2013-05-13,"Kephyrion ",0
2013-05-13,"Monoraphidium griffithii",4727.1474
2013-05-13,"Aphanizomenon ",0
2013-05-13,"Aphanothece saxicola",0
2013-05-13,"Kephyrion planctonicum",0
2013-05-13,"Tabellaria flocculosa",0
2013-05-13,"Oedogonium ",0
2013-05-13,"Phormidium ",0
2013-05-13,"Tabellaria binalis",818.0158
2013-05-13,"Actinella punctata",0
2013-05-13,"Aphanothece nidulans",0
2013-05-13,"Gloeococcus minor",0
2013-05-13,"Mallomonas ",36052.3449
2013-05-13,"Planktothrix agardhii",0
2013-05-13,"Euglena acus",0
2013-05-13,"Scenedesmus bijuga",0
2013-05-13,"Dinobryon cyst",418946.8478
2013-05-13,"Mougeotia ",0
2013-05-13,"Stichococcus bacillaris",0
2013-05-13,"Gonyostomum semen",532137.9065
2013-05-13,"Mucidosphaerium pulchellum",0
2013-05-13,"Spinocosmarium ",0
2013-05-13,"Synechococcus elongatus",44.3449
2013-05-13,"Cyclotella sp. 1",4257.1026
2013-05-13,"Stephanodiscus parvus",0
2013-05-13,"Botryococcus braunii",0
2013-05-13,"Cyclotella ocellata",0
2013-05-13,"Peridinium inconspicuum",0
2013-05-13,"Uroglena ",0
2013-05-13,"Gymnodinium sp. 1",53213.7902
2013-05-13,"Peridinium umbonatum",0
2013-05-13,"Lepocinclis ",0
2013-05-13,"Dinobryon ",793194.1593
2013-05-13,"Dinobryon sociale",32205.4329
2013-05-13,"Monoraphidium arcuatum",1050.0288
2013-05-13,"Trachelomonas ",25542.62
2013-05-13,"Cosmarium ",0
2013-05-13,"Dinobryon crenulatum",0
2013-05-13,"Fragilaria filiformis",0
2013-05-13,"Mallomonas akrokomas",0
2013-05-13,"Monomastix astigmata",0
2013-05-13,"Oocystis pusilla",0
2013-05-13,"Peridinium cinctum",0
2013-05-13,"Staurastrum ",0
2013-05-13,"Staurastrum hexacerum",0
2013-05-13,"Stichogloea olivacea",0
2013-05-13,"Teilingia granulata",0
2013-05-13,"Pseudanabaena limnetica",0
2013-05-13,"Microspora ",0
2013-05-13,"Aphanizomenon flos-aquae",0
2013-05-13,"Eunotia ",0
2013-05-13,"Colonial ",0
2013-05-13,"Quadrigula lacustris",0
2013-05-13,"Aphanothece ",0
2013-05-13,"Chrysococcus minutus",0
2013-05-13,"Stephanodiscus medius",0
2013-05-13,"Glenodinium quadridens",0
2013-05-13,"Chrysocapsaceae",0
2013-07-10,"Aphanocapsa delicatissima",0
2013-07-10,"Chlamydomonas ",22935.1619
2013-07-10,"Cryptomonas erosa",75293.4138
2013-07-10,"Euglena ",0
2013-07-10,"Miscellaneous",567.6134
2013-07-10,"Rhodospirillum rubrum",0
2013-07-10,"Synechococcus ",0
2013-07-10,"Total",634792.6211
2013-07-10,"Asterionella formosa",6402.7438
2013-07-10,"Chlorococcaceae",15160.6065
2013-07-10,"Chlorophyta",0
2013-07-10,"Chrysophyceae",24125.2626
2013-07-10,"Peridinium ",0
2013-07-10,"Rhodomonas minuta",2838.067
2013-07-10,"Synechocystis ",3442.1777
2013-07-10,"Coelastrum ",0
2013-07-10,"Gymnodinium sp. 2",1702.8411
2013-07-10,"Gymnodinium sp. 3",869.1589
2013-07-10,"Monomastix minuta",1117.4922
2013-07-10,"Oocystis parva",199.5513
2013-07-10,"Schroederia judayi",0
2013-07-10,"Dinobryon cylindricum",0
2013-07-10,"Lindavia intermedia",0
2013-07-10,"Sphaerocystis schroeteri",0
2013-07-10,"Chrysochromulina parva",64034.0017
2013-07-10,"Kephyrion ",0
2013-07-10,"Monoraphidium griffithii",478.9252
2013-07-10,"Aphanizomenon ",0
2013-07-10,"Aphanothece saxicola",0
2013-07-10,"Kephyrion planctonicum",0
2013-07-10,"Tabellaria flocculosa",13415.2727
2013-07-10,"Oedogonium ",0
2013-07-10,"Phormidium ",0
2013-07-10,"Tabellaria binalis",0
2013-07-10,"Actinella punctata",0
2013-07-10,"Aphanothece nidulans",0
2013-07-10,"Gloeococcus minor",0
2013-07-10,"Mallomonas ",0
2013-07-10,"Planktothrix agardhii",0
2013-07-10,"Euglena acus",0
2013-07-10,"Scenedesmus bijuga",0
2013-07-10,"Dinobryon cyst",0
2013-07-10,"Mougeotia ",0
2013-07-10,"Stichococcus bacillaris",0
2013-07-10,"Gonyostomum semen",0
2013-07-10,"Mucidosphaerium pulchellum",0
2013-07-10,"Spinocosmarium ",0
2013-07-10,"Synechococcus elongatus",0
2013-07-10,"Cyclotella sp. 1",0
2013-07-10,"Stephanodiscus parvus",0
2013-07-10,"Botryococcus braunii",0
2013-07-10,"Cyclotella ocellata",0
2013-07-10,"Peridinium inconspicuum",0
2013-07-10,"Uroglena ",0
2013-07-10,"Gymnodinium sp. 1",0
2013-07-10,"Peridinium umbonatum",0
2013-07-10,"Lepocinclis ",0
2013-07-10,"Dinobryon ",0
2013-07-10,"Dinobryon sociale",0
2013-07-10,"Monoraphidium arcuatum",12966.6767
2013-07-10,"Trachelomonas ",0
2013-07-10,"Cosmarium ",567.6134
2013-07-10,"Dinobryon crenulatum",1330.3445
2013-07-10,"Fragilaria filiformis",11077.7631
2013-07-10,"Mallomonas akrokomas",4301.4497
2013-07-10,"Monomastix astigmata",177.3797
2013-07-10,"Oocystis pusilla",70.9519
2013-07-10,"Peridinium cinctum",340568.2609
2013-07-10,"Staurastrum ",13644.9026
2013-07-10,"Staurastrum hexacerum",1181.346
2013-07-10,"Stichogloea olivacea",15104.0726
2013-07-10,"Teilingia granulata",1219.5702
2013-07-10,"Pseudanabaena limnetica",0
2013-07-10,"Microspora ",0
2013-07-10,"Aphanizomenon flos-aquae",0
2013-07-10,"Eunotia ",0
2013-07-10,"Colonial ",0
2013-07-10,"Quadrigula lacustris",0
2013-07-10,"Aphanothece ",0
2013-07-10,"Chrysococcus minutus",0
2013-07-10,"Stephanodiscus medius",0
2013-07-10,"Glenodinium quadridens",0
2013-07-10,"Chrysocapsaceae",0
2013-08-06,"Aphanocapsa delicatissima",0
2013-08-06,"Chlamydomonas ",144683.854
2013-08-06,"Cryptomonas erosa",510816.8882
2013-08-06,"Euglena ",16602.7043
2013-08-06,"Miscellaneous",297997.2579
2013-08-06,"Rhodospirillum rubrum",6095.7869
2013-08-06,"Synechococcus ",0
2013-08-06,"Total",1163888.679
2013-08-06,"Asterionella formosa",21681.2489
2013-08-06,"Chlorococcaceae",6208.2732
2013-08-06,"Chlorophyta",0
2013-08-06,"Chrysophyceae",7646.7055
2013-08-06,"Peridinium ",4257.1026
2013-08-06,"Rhodomonas minuta",0
2013-08-06,"Synechocystis ",0
2013-08-06,"Coelastrum ",0
2013-08-06,"Gymnodinium sp. 2",0
2013-08-06,"Gymnodinium sp. 3",0
2013-08-06,"Monomastix minuta",1596.4175
2013-08-06,"Oocystis parva",71151.2527
2013-08-06,"Schroederia judayi",0
2013-08-06,"Dinobryon cylindricum",0
2013-08-06,"Lindavia intermedia",0
2013-08-06,"Sphaerocystis schroeteri",0
2013-08-06,"Chrysochromulina parva",3201.7001
2013-08-06,"Kephyrion ",0
2013-08-06,"Monoraphidium griffithii",3059.798
2013-08-06,"Aphanizomenon ",0
2013-08-06,"Aphanothece saxicola",0
2013-08-06,"Kephyrion planctonicum",0
2013-08-06,"Tabellaria flocculosa",0
2013-08-06,"Oedogonium ",0
2013-08-06,"Phormidium ",0
2013-08-06,"Tabellaria binalis",0
2013-08-06,"Actinella punctata",0
2013-08-06,"Aphanothece nidulans",0
2013-08-06,"Gloeococcus minor",0
2013-08-06,"Mallomonas ",25542.6221
2013-08-06,"Planktothrix agardhii",0
2013-08-06,"Euglena acus",0
2013-08-06,"Scenedesmus bijuga",0
2013-08-06,"Dinobryon cyst",0
2013-08-06,"Mougeotia ",0
2013-08-06,"Stichococcus bacillaris",0
2013-08-06,"Gonyostomum semen",0
2013-08-06,"Mucidosphaerium pulchellum",0
2013-08-06,"Spinocosmarium ",0
2013-08-06,"Synechococcus elongatus",0
2013-08-06,"Cyclotella sp. 1",1795.9654
2013-08-06,"Stephanodiscus parvus",0
2013-08-06,"Botryococcus braunii",0
2013-08-06,"Cyclotella ocellata",0
2013-08-06,"Peridinium inconspicuum",0
2013-08-06,"Uroglena ",0
2013-08-06,"Gymnodinium sp. 1",0
2013-08-06,"Peridinium umbonatum",0
2013-08-06,"Lepocinclis ",0
2013-08-06,"Dinobryon ",0
2013-08-06,"Dinobryon sociale",41551.1013
2013-08-06,"Monoraphidium arcuatum",0
2013-08-06,"Trachelomonas ",0
2013-08-06,"Cosmarium ",0
2013-08-06,"Dinobryon crenulatum",0
2013-08-06,"Fragilaria filiformis",0
2013-08-06,"Mallomonas akrokomas",0
2013-08-06,"Monomastix astigmata",0
2013-08-06,"Oocystis pusilla",0
2013-08-06,"Peridinium cinctum",0
2013-08-06,"Staurastrum ",0
2013-08-06,"Staurastrum hexacerum",0
2013-08-06,"Stichogloea olivacea",0
2013-08-06,"Teilingia granulata",0
2013-08-06,"Pseudanabaena limnetica",0
2013-08-06,"Microspora ",0
2013-08-06,"Aphanizomenon flos-aquae",0
2013-08-06,"Eunotia ",0
2013-08-06,"Colonial ",0
2013-08-06,"Quadrigula lacustris",0
2013-08-06,"Aphanothece ",0
2013-08-06,"Chrysococcus minutus",0
2013-08-06,"Stephanodiscus medius",0
2013-08-06,"Glenodinium quadridens",0
2013-08-06,"Chrysocapsaceae",0
2013-11-08,"Aphanocapsa delicatissima",0
2013-11-08,"Chlamydomonas ",9460.229
2013-11-08,"Cryptomonas erosa",856527.0521
2013-11-08,"Euglena ",0
2013-11-08,"Miscellaneous",18920.458
2013-11-08,"Rhodospirillum rubrum",4988.8045
2013-11-08,"Synechococcus ",0
2013-11-08,"Total",998347.5506
2013-11-08,"Asterionella formosa",0
2013-11-08,"Chlorococcaceae",0
2013-11-08,"Chlorophyta",0
2013-11-08,"Chrysophyceae",1390.7844
2013-11-08,"Peridinium ",0
2013-11-08,"Rhodomonas minuta",0
2013-11-08,"Synechocystis ",97278.9361
2013-11-08,"Coelastrum ",0
2013-11-08,"Gymnodinium sp. 2",0
2013-11-08,"Gymnodinium sp. 3",0
2013-11-08,"Monomastix minuta",591.2657
2013-11-08,"Oocystis parva",0
2013-11-08,"Schroederia judayi",0
2013-11-08,"Dinobryon cylindricum",0
2013-11-08,"Lindavia intermedia",0
2013-11-08,"Sphaerocystis schroeteri",0
2013-11-08,"Chrysochromulina parva",0
2013-11-08,"Kephyrion ",0
2013-11-08,"Monoraphidium griffithii",0
2013-11-08,"Aphanizomenon ",0
2013-11-08,"Aphanothece saxicola",0
2013-11-08,"Kephyrion planctonicum",0
2013-11-08,"Tabellaria flocculosa",0
2013-11-08,"Oedogonium ",0
2013-11-08,"Phormidium ",0
2013-11-08,"Tabellaria binalis",0
2013-11-08,"Actinella punctata",0
2013-11-08,"Aphanothece nidulans",0
2013-11-08,"Gloeococcus minor",0
2013-11-08,"Mallomonas ",0
2013-11-08,"Planktothrix agardhii",0
2013-11-08,"Euglena acus",0
2013-11-08,"Scenedesmus bijuga",0
2013-11-08,"Dinobryon cyst",0
2013-11-08,"Mougeotia ",0
2013-11-08,"Stichococcus bacillaris",0
2013-11-08,"Gonyostomum semen",0
2013-11-08,"Mucidosphaerium pulchellum",0
2013-11-08,"Spinocosmarium ",0
2013-11-08,"Synechococcus elongatus",0
2013-11-08,"Cyclotella sp. 1",0
2013-11-08,"Stephanodiscus parvus",0
2013-11-08,"Botryococcus braunii",0
2013-11-08,"Cyclotella ocellata",0
2013-11-08,"Peridinium inconspicuum",0
2013-11-08,"Uroglena ",0
2013-11-08,"Gymnodinium sp. 1",0
2013-11-08,"Peridinium umbonatum",0
2013-11-08,"Lepocinclis ",0
2013-11-08,"Dinobryon ",7194.5046
2013-11-08,"Dinobryon sociale",0
2013-11-08,"Monoraphidium arcuatum",0
2013-11-08,"Trachelomonas ",0
2013-11-08,"Cosmarium ",0
2013-11-08,"Dinobryon crenulatum",0
2013-11-08,"Fragilaria filiformis",0
2013-11-08,"Mallomonas akrokomas",0
2013-11-08,"Monomastix astigmata",0
2013-11-08,"Oocystis pusilla",0
2013-11-08,"Peridinium cinctum",0
2013-11-08,"Staurastrum ",0
2013-11-08,"Staurastrum hexacerum",0
2013-11-08,"Stichogloea olivacea",0
2013-11-08,"Teilingia granulata",0
2013-11-08,"Pseudanabaena limnetica",1995.5162
2013-11-08,"Microspora ",0
2013-11-08,"Aphanizomenon flos-aquae",0
2013-11-08,"Eunotia ",0
2013-11-08,"Colonial ",0
2013-11-08,"Quadrigula lacustris",0
2013-11-08,"Aphanothece ",0
2013-11-08,"Chrysococcus minutus",0
2013-11-08,"Stephanodiscus medius",0
2013-11-08,"Glenodinium quadridens",0
2013-11-08,"Chrysocapsaceae",0
2014-02-20,"Aphanocapsa delicatissima",0
2014-02-20,"Chlamydomonas ",0
2014-02-20,"Cryptomonas erosa",0
2014-02-20,"Euglena ",3074.5742
2014-02-20,"Miscellaneous",244783.4507
2014-02-20,"Rhodospirillum rubrum",665.1739
2014-02-20,"Synechococcus ",5617.078
2014-02-20,"Total",364144.8893
2014-02-20,"Asterionella formosa",0
2014-02-20,"Chlorococcaceae",0
2014-02-20,"Chlorophyta",0
2014-02-20,"Chrysophyceae",17107.3646
2014-02-20,"Peridinium ",0
2014-02-20,"Rhodomonas minuta",1261.3631
2014-02-20,"Synechocystis ",7482.9951
2014-02-20,"Coelastrum ",0
2014-02-20,"Gymnodinium sp. 2",0
2014-02-20,"Gymnodinium sp. 3",0
2014-02-20,"Monomastix minuta",0
2014-02-20,"Oocystis parva",2414.3294
2014-02-20,"Schroederia judayi",0
2014-02-20,"Dinobryon cylindricum",0
2014-02-20,"Lindavia intermedia",0
2014-02-20,"Sphaerocystis schroeteri",0
2014-02-20,"Chrysochromulina parva",0
2014-02-20,"Kephyrion ",0
2014-02-20,"Monoraphidium griffithii",0
2014-02-20,"Aphanizomenon ",0
2014-02-20,"Aphanothece saxicola",0
2014-02-20,"Kephyrion planctonicum",0
2014-02-20,"Tabellaria flocculosa",0
2014-02-20,"Oedogonium ",0
2014-02-20,"Phormidium ",0
2014-02-20,"Tabellaria binalis",0
2014-02-20,"Actinella punctata",0
2014-02-20,"Aphanothece nidulans",0
2014-02-20,"Gloeococcus minor",0
2014-02-20,"Mallomonas ",0
2014-02-20,"Planktothrix agardhii",0
2014-02-20,"Euglena acus",0
2014-02-20,"Scenedesmus bijuga",0
2014-02-20,"Dinobryon cyst",0
2014-02-20,"Mougeotia ",0
2014-02-20,"Stichococcus bacillaris",0
2014-02-20,"Gonyostomum semen",0
2014-02-20,"Mucidosphaerium pulchellum",0
2014-02-20,"Spinocosmarium ",0
2014-02-20,"Synechococcus elongatus",1385.7367
2014-02-20,"Cyclotella sp. 1",0
2014-02-20,"Stephanodiscus parvus",0
2014-02-20,"Botryococcus braunii",0
2014-02-20,"Cyclotella ocellata",0
2014-02-20,"Peridinium inconspicuum",0
2014-02-20,"Uroglena ",0
2014-02-20,"Gymnodinium sp. 1",51085.239
2014-02-20,"Peridinium umbonatum",0
2014-02-20,"Lepocinclis ",0
2014-02-20,"Dinobryon ",0
2014-02-20,"Dinobryon sociale",0
2014-02-20,"Monoraphidium arcuatum",0
2014-02-20,"Trachelomonas ",0
2014-02-20,"Cosmarium ",0
2014-02-20,"Dinobryon crenulatum",0
2014-02-20,"Fragilaria filiformis",0
2014-02-20,"Mallomonas akrokomas",0
2014-02-20,"Monomastix astigmata",0
2014-02-20,"Oocystis pusilla",0
2014-02-20,"Peridinium cinctum",0
2014-02-20,"Staurastrum ",0
2014-02-20,"Staurastrum hexacerum",0
2014-02-20,"Stichogloea olivacea",0
2014-02-20,"Teilingia granulata",0
2014-02-20,"Pseudanabaena limnetica",0
2014-02-20,"Microspora ",29267.5846
2014-02-20,"Aphanizomenon flos-aquae",0
2014-02-20,"Eunotia ",0
2014-02-20,"Colonial ",0
2014-02-20,"Quadrigula lacustris",0
2014-02-20,"Aphanothece ",0
2014-02-20,"Chrysococcus minutus",0
2014-02-20,"Stephanodiscus medius",0
2014-02-20,"Glenodinium quadridens",0
2014-02-20,"Chrysocapsaceae",0
2014-05-21,"Aphanocapsa delicatissima",0
2014-05-21,"Chlamydomonas ",116316.8427
2014-05-21,"Cryptomonas erosa",1892.0456
2014-05-21,"Euglena ",0
2014-05-21,"Miscellaneous",79465.9354
2014-05-21,"Rhodospirillum rubrum",10310.1961
2014-05-21,"Synechococcus ",433.5949
2014-05-21,"Total",1171103.822
2014-05-21,"Asterionella formosa",0
2014-05-21,"Chlorococcaceae",615.8999
2014-05-21,"Chlorophyta",0
2014-05-21,"Chrysophyceae",742373.7355
2014-05-21,"Peridinium ",14254.2253
2014-05-21,"Rhodomonas minuta",0
2014-05-21,"Synechocystis ",10226.76
2014-05-21,"Coelastrum ",0
2014-05-21,"Gymnodinium sp. 2",5676.1368
2014-05-21,"Gymnodinium sp. 3",0
2014-05-21,"Monomastix minuta",394.1771
2014-05-21,"Oocystis parva",0
2014-05-21,"Schroederia judayi",0
2014-05-21,"Dinobryon cylindricum",0
2014-05-21,"Lindavia intermedia",0
2014-05-21,"Sphaerocystis schroeteri",0
2014-05-21,"Chrysochromulina parva",0
2014-05-21,"Kephyrion ",0
2014-05-21,"Monoraphidium griffithii",2499.863
2014-05-21,"Aphanizomenon ",0
2014-05-21,"Aphanothece saxicola",0
2014-05-21,"Kephyrion planctonicum",0
2014-05-21,"Tabellaria flocculosa",0
2014-05-21,"Oedogonium ",0
2014-05-21,"Phormidium ",0
2014-05-21,"Tabellaria binalis",4090.0789
2014-05-21,"Actinella punctata",0
2014-05-21,"Aphanothece nidulans",0
2014-05-21,"Gloeococcus minor",0
2014-05-21,"Mallomonas ",2128.5519
2014-05-21,"Planktothrix agardhii",0
2014-05-21,"Euglena acus",0
2014-05-21,"Scenedesmus bijuga",0
2014-05-21,"Dinobryon cyst",0
2014-05-21,"Mougeotia ",0
2014-05-21,"Stichococcus bacillaris",0
2014-05-21,"Gonyostomum semen",165948.1921
2014-05-21,"Mucidosphaerium pulchellum",0
2014-05-21,"Spinocosmarium ",0
2014-05-21,"Synechococcus elongatus",137.962
2014-05-21,"Cyclotella sp. 1",0
2014-05-21,"Stephanodiscus parvus",0
2014-05-21,"Botryococcus braunii",0
2014-05-21,"Cyclotella ocellata",0
2014-05-21,"Peridinium inconspicuum",0
2014-05-21,"Uroglena ",0
2014-05-21,"Gymnodinium sp. 1",0
2014-05-21,"Peridinium umbonatum",0
2014-05-21,"Lepocinclis ",0
2014-05-21,"Dinobryon ",0
2014-05-21,"Dinobryon sociale",0
2014-05-21,"Monoraphidium arcuatum",385.787
2014-05-21,"Trachelomonas ",0
2014-05-21,"Cosmarium ",0
2014-05-21,"Dinobryon crenulatum",0
2014-05-21,"Fragilaria filiformis",0
2014-05-21,"Mallomonas akrokomas",0
2014-05-21,"Monomastix astigmata",0
2014-05-21,"Oocystis pusilla",0
2014-05-21,"Peridinium cinctum",0
2014-05-21,"Staurastrum ",0
2014-05-21,"Staurastrum hexacerum",0
2014-05-21,"Stichogloea olivacea",0
2014-05-21,"Teilingia granulata",0
2014-05-21,"Pseudanabaena limnetica",0
2014-05-21,"Microspora ",0
2014-05-21,"Aphanizomenon flos-aquae",8277.7004
2014-05-21,"Eunotia ",5676.1378
2014-05-21,"Colonial ",0
2014-05-21,"Quadrigula lacustris",0
2014-05-21,"Aphanothece ",0
2014-05-21,"Chrysococcus minutus",0
2014-05-21,"Stephanodiscus medius",0
2014-05-21,"Glenodinium quadridens",0
2014-05-21,"Chrysocapsaceae",0
2014-06-16,"Aphanocapsa delicatissima",0
2014-06-16,"Chlamydomonas ",140425.3772
2014-06-16,"Cryptomonas erosa",0
2014-06-16,"Euglena ",0
2014-06-16,"Miscellaneous",409391.4387
2014-06-16,"Rhodospirillum rubrum",7760.3626
2014-06-16,"Synechococcus ",9312.4352
2014-06-16,"Total",711482.0634
2014-06-16,"Asterionella formosa",17912.438
2014-06-16,"Chlorococcaceae",7061.9131
2014-06-16,"Chlorophyta",44280.9696
2014-06-16,"Chrysophyceae",45679.7785
2014-06-16,"Peridinium ",0
2014-06-16,"Rhodomonas minuta",0
2014-06-16,"Synechocystis ",3741.4975
2014-06-16,"Coelastrum ",0
2014-06-16,"Gymnodinium sp. 2",0
2014-06-16,"Gymnodinium sp. 3",0
2014-06-16,"Monomastix minuta",1515.1128
2014-06-16,"Oocystis parva",0
2014-06-16,"Schroederia judayi",798.2066
2014-06-16,"Dinobryon cylindricum",0
2014-06-16,"Lindavia intermedia",0
2014-06-16,"Sphaerocystis schroeteri",0
2014-06-16,"Chrysochromulina parva",0
2014-06-16,"Kephyrion ",0
2014-06-16,"Monoraphidium griffithii",3292.6046
2014-06-16,"Aphanizomenon ",0
2014-06-16,"Aphanothece saxicola",0
2014-06-16,"Kephyrion planctonicum",0
2014-06-16,"Tabellaria flocculosa",0
2014-06-16,"Oedogonium ",0
2014-06-16,"Phormidium ",0
2014-06-16,"Tabellaria binalis",0
2014-06-16,"Actinella punctata",0
2014-06-16,"Aphanothece nidulans",0
2014-06-16,"Gloeococcus minor",0
2014-06-16,"Mallomonas ",0
2014-06-16,"Planktothrix agardhii",0
2014-06-16,"Euglena acus",0
2014-06-16,"Scenedesmus bijuga",0
2014-06-16,"Dinobryon cyst",0
2014-06-16,"Mougeotia ",0
2014-06-16,"Stichococcus bacillaris",0
2014-06-16,"Gonyostomum semen",0
2014-06-16,"Mucidosphaerium pulchellum",0
2014-06-16,"Spinocosmarium ",0
2014-06-16,"Synechococcus elongatus",88.6899
2014-06-16,"Cyclotella sp. 1",0
2014-06-16,"Stephanodiscus parvus",0
2014-06-16,"Botryococcus braunii",0
2014-06-16,"Cyclotella ocellata",0
2014-06-16,"Peridinium inconspicuum",0
2014-06-16,"Uroglena ",0
2014-06-16,"Gymnodinium sp. 1",0
2014-06-16,"Peridinium umbonatum",0
2014-06-16,"Lepocinclis ",0
2014-06-16,"Dinobryon ",0
2014-06-16,"Dinobryon sociale",8868.9647
2014-06-16,"Monoraphidium arcuatum",0
2014-06-16,"Trachelomonas ",0
2014-06-16,"Cosmarium ",0
2014-06-16,"Dinobryon crenulatum",0
2014-06-16,"Fragilaria filiformis",0
2014-06-16,"Mallomonas akrokomas",0
2014-06-16,"Monomastix astigmata",0
2014-06-16,"Oocystis pusilla",0
2014-06-16,"Peridinium cinctum",0
2014-06-16,"Staurastrum ",0
2014-06-16,"Staurastrum hexacerum",0
2014-06-16,"Stichogloea olivacea",0
2014-06-16,"Teilingia granulata",0
2014-06-16,"Pseudanabaena limnetica",0
2014-06-16,"Microspora ",0
2014-06-16,"Aphanizomenon flos-aquae",0
2014-06-16,"Eunotia ",0
2014-06-16,"Colonial ",11352.2744
2014-06-16,"Quadrigula lacustris",0
2014-06-16,"Aphanothece ",0
2014-06-16,"Chrysococcus minutus",0
2014-06-16,"Stephanodiscus medius",0
2014-06-16,"Glenodinium quadridens",0
2014-06-16,"Chrysocapsaceae",0
2014-07-16,"Aphanocapsa delicatissima",0
2014-07-16,"Chlamydomonas ",443426.6049
2014-07-16,"Cryptomonas erosa",8519.1267
2014-07-16,"Euglena ",0
2014-07-16,"Miscellaneous",419058.5814
2014-07-16,"Rhodospirillum rubrum",2211.7033
2014-07-16,"Synechococcus ",133.0348
2014-07-16,"Total",986157.8437
2014-07-16,"Asterionella formosa",2508.4944
2014-07-16,"Chlorococcaceae",5356.0254
2014-07-16,"Chlorophyta",0
2014-07-16,"Chrysophyceae",28277.3284
2014-07-16,"Peridinium ",0
2014-07-16,"Rhodomonas minuta",0
2014-07-16,"Synechocystis ",112.2449
2014-07-16,"Coelastrum ",0
2014-07-16,"Gymnodinium sp. 2",0
2014-07-16,"Gymnodinium sp. 3",0
2014-07-16,"Monomastix minuta",1646.3055
2014-07-16,"Oocystis parva",54743.6818
2014-07-16,"Schroederia judayi",159.6409
2014-07-16,"Dinobryon cylindricum",0
2014-07-16,"Lindavia intermedia",0
2014-07-16,"Sphaerocystis schroeteri",0
2014-07-16,"Chrysochromulina parva",0
2014-07-16,"Kephyrion ",0
2014-07-16,"Monoraphidium griffithii",1346.9741
2014-07-16,"Aphanizomenon ",0
2014-07-16,"Aphanothece saxicola",0
2014-07-16,"Kephyrion planctonicum",0
2014-07-16,"Tabellaria flocculosa",0
2014-07-16,"Oedogonium ",0
2014-07-16,"Phormidium ",0
2014-07-16,"Tabellaria binalis",0
2014-07-16,"Actinella punctata",0
2014-07-16,"Aphanothece nidulans",0
2014-07-16,"Gloeococcus minor",0
2014-07-16,"Mallomonas ",12771.31
2014-07-16,"Planktothrix agardhii",0
2014-07-16,"Euglena acus",0
2014-07-16,"Scenedesmus bijuga",0
2014-07-16,"Dinobryon cyst",0
2014-07-16,"Mougeotia ",0
2014-07-16,"Stichococcus bacillaris",0
2014-07-16,"Gonyostomum semen",0
2014-07-16,"Mucidosphaerium pulchellum",0
2014-07-16,"Spinocosmarium ",0
2014-07-16,"Synechococcus elongatus",5055.3219
2014-07-16,"Cyclotella sp. 1",0
2014-07-16,"Stephanodiscus parvus",0
2014-07-16,"Botryococcus braunii",0
2014-07-16,"Cyclotella ocellata",0
2014-07-16,"Peridinium inconspicuum",0
2014-07-16,"Uroglena ",0
2014-07-16,"Gymnodinium sp. 1",0
2014-07-16,"Peridinium umbonatum",0
2014-07-16,"Lepocinclis ",0
2014-07-16,"Dinobryon ",0
2014-07-16,"Dinobryon sociale",831.4653
2014-07-16,"Monoraphidium arcuatum",0
2014-07-16,"Trachelomonas ",0
2014-07-16,"Cosmarium ",0
2014-07-16,"Dinobryon crenulatum",0
2014-07-16,"Fragilaria filiformis",0
2014-07-16,"Mallomonas akrokomas",0
2014-07-16,"Monomastix astigmata",0
2014-07-16,"Oocystis pusilla",0
2014-07-16,"Peridinium cinctum",0
2014-07-16,"Staurastrum ",0
2014-07-16,"Staurastrum hexacerum",0
2014-07-16,"Stichogloea olivacea",0
2014-07-16,"Teilingia granulata",0
2014-07-16,"Pseudanabaena limnetica",0
2014-07-16,"Microspora ",0
2014-07-16,"Aphanizomenon flos-aquae",0
2014-07-16,"Eunotia ",0
2014-07-16,"Colonial ",0
2014-07-16,"Quadrigula lacustris",0
2014-07-16,"Aphanothece ",0
2014-07-16,"Chrysococcus minutus",0
2014-07-16,"Stephanodiscus medius",0
2014-07-16,"Glenodinium quadridens",0
2014-07-16,"Chrysocapsaceae",0
2014-08-11,"Aphanocapsa delicatissima",0
2014-08-11,"Chlamydomonas ",328887.0455
2014-08-11,"Cryptomonas erosa",57470.895
2014-08-11,"Euglena ",13835.5862
2014-08-11,"Miscellaneous",399103.4108
2014-08-11,"Rhodospirillum rubrum",3783.1768
2014-08-11,"Synechococcus ",598.6565
2014-08-11,"Total",1099542.581
2014-08-11,"Asterionella formosa",18052.2011
2014-08-11,"Chlorococcaceae",2483.3118
2014-08-11,"Chlorophyta",0
2014-08-11,"Chrysophyceae",39572.3698
2014-08-11,"Peridinium ",0
2014-08-11,"Rhodomonas minuta",0
2014-08-11,"Synechocystis ",149.6599
2014-08-11,"Coelastrum ",0
2014-08-11,"Gymnodinium sp. 2",0
2014-08-11,"Gymnodinium sp. 3",0
2014-08-11,"Monomastix minuta",498.8805
2014-08-11,"Oocystis parva",159579.2764
2014-08-11,"Schroederia judayi",319.2818
2014-08-11,"Dinobryon cylindricum",0
2014-08-11,"Lindavia intermedia",0
2014-08-11,"Sphaerocystis schroeteri",0
2014-08-11,"Chrysochromulina parva",0
2014-08-11,"Kephyrion ",0
2014-08-11,"Monoraphidium griffithii",0
2014-08-11,"Aphanizomenon ",0
2014-08-11,"Aphanothece saxicola",0
2014-08-11,"Kephyrion planctonicum",0
2014-08-11,"Tabellaria flocculosa",0
2014-08-11,"Oedogonium ",0
2014-08-11,"Phormidium ",0
2014-08-11,"Tabellaria binalis",0
2014-08-11,"Actinella punctata",0
2014-08-11,"Aphanothece nidulans",0
2014-08-11,"Gloeococcus minor",0
2014-08-11,"Mallomonas ",0
2014-08-11,"Planktothrix agardhii",0
2014-08-11,"Euglena acus",0
2014-08-11,"Scenedesmus bijuga",0
2014-08-11,"Dinobryon cyst",0
2014-08-11,"Mougeotia ",0
2014-08-11,"Stichococcus bacillaris",0
2014-08-11,"Gonyostomum semen",28380.6891
2014-08-11,"Mucidosphaerium pulchellum",0
2014-08-11,"Spinocosmarium ",0
2014-08-11,"Synechococcus elongatus",1995.5218
2014-08-11,"Cyclotella sp. 1",0
2014-08-11,"Stephanodiscus parvus",0
2014-08-11,"Botryococcus braunii",0
2014-08-11,"Cyclotella ocellata",0
2014-08-11,"Peridinium inconspicuum",0
2014-08-11,"Uroglena ",0
2014-08-11,"Gymnodinium sp. 1",0
2014-08-11,"Peridinium umbonatum",0
2014-08-11,"Lepocinclis ",0
2014-08-11,"Dinobryon ",0
2014-08-11,"Dinobryon sociale",43236.2044
2014-08-11,"Monoraphidium arcuatum",0
2014-08-11,"Trachelomonas ",0
2014-08-11,"Cosmarium ",0
2014-08-11,"Dinobryon crenulatum",0
2014-08-11,"Fragilaria filiformis",0
2014-08-11,"Mallomonas akrokomas",0
2014-08-11,"Monomastix astigmata",0
2014-08-11,"Oocystis pusilla",0
2014-08-11,"Peridinium cinctum",0
2014-08-11,"Staurastrum ",0
2014-08-11,"Staurastrum hexacerum",0
2014-08-11,"Stichogloea olivacea",0
2014-08-11,"Teilingia granulata",0
2014-08-11,"Pseudanabaena limnetica",0
2014-08-11,"Microspora ",0
2014-08-11,"Aphanizomenon flos-aquae",0
2014-08-11,"Eunotia ",0
2014-08-11,"Colonial ",0
2014-08-11,"Quadrigula lacustris",1596.4132
2014-08-11,"Aphanothece ",0
2014-08-11,"Chrysococcus minutus",0
2014-08-11,"Stephanodiscus medius",0
2014-08-11,"Glenodinium quadridens",0
2014-08-11,"Chrysocapsaceae",0
2014-11-07,"Aphanocapsa delicatissima",0
2014-11-07,"Chlamydomonas ",801373.7052
2014-11-07,"Cryptomonas erosa",16652.773
2014-11-07,"Euglena ",0
2014-11-07,"Miscellaneous",87270.6176
2014-11-07,"Rhodospirillum rubrum",3092.9013
2014-11-07,"Synechococcus ",0
2014-11-07,"Total",1346301.58
2014-11-07,"Asterionella formosa",1791.7817
2014-11-07,"Chlorococcaceae",239.4626
2014-11-07,"Chlorophyta",0
2014-11-07,"Chrysophyceae",71955.7117
2014-11-07,"Peridinium ",10416.5492
2014-11-07,"Rhodomonas minuta",0
2014-11-07,"Synechocystis ",0
2014-11-07,"Coelastrum ",0
2014-11-07,"Gymnodinium sp. 2",0
2014-11-07,"Gymnodinium sp. 3",0
2014-11-07,"Monomastix minuta",239.4626
2014-11-07,"Oocystis parva",94011.0299
2014-11-07,"Schroederia judayi",0
2014-11-07,"Dinobryon cylindricum",0
2014-11-07,"Lindavia intermedia",0
2014-11-07,"Sphaerocystis schroeteri",0
2014-11-07,"Chrysochromulina parva",0
2014-11-07,"Kephyrion ",0
2014-11-07,"Monoraphidium griffithii",638.567
2014-11-07,"Aphanizomenon ",0
2014-11-07,"Aphanothece saxicola",0
2014-11-07,"Kephyrion planctonicum",0
2014-11-07,"Tabellaria flocculosa",0
2014-11-07,"Oedogonium ",0
2014-11-07,"Phormidium ",0
2014-11-07,"Tabellaria binalis",0
2014-11-07,"Actinella punctata",0
2014-11-07,"Aphanothece nidulans",0
2014-11-07,"Gloeococcus minor",0
2014-11-07,"Mallomonas ",0
2014-11-07,"Planktothrix agardhii",0
2014-11-07,"Euglena acus",0
2014-11-07,"Scenedesmus bijuga",0
2014-11-07,"Dinobryon cyst",0
2014-11-07,"Mougeotia ",0
2014-11-07,"Stichococcus bacillaris",0
2014-11-07,"Gonyostomum semen",0
2014-11-07,"Mucidosphaerium pulchellum",0
2014-11-07,"Spinocosmarium ",0
2014-11-07,"Synechococcus elongatus",0
2014-11-07,"Cyclotella sp. 1",0
2014-11-07,"Stephanodiscus parvus",0
2014-11-07,"Botryococcus braunii",0
2014-11-07,"Cyclotella ocellata",0
2014-11-07,"Peridinium inconspicuum",0
2014-11-07,"Uroglena ",0
2014-11-07,"Gymnodinium sp. 1",0
2014-11-07,"Peridinium umbonatum",0
2014-11-07,"Lepocinclis ",0
2014-11-07,"Dinobryon ",0
2014-11-07,"Dinobryon sociale",0
2014-11-07,"Monoraphidium arcuatum",0
2014-11-07,"Trachelomonas ",0
2014-11-07,"Cosmarium ",0
2014-11-07,"Dinobryon crenulatum",0
2014-11-07,"Fragilaria filiformis",0
2014-11-07,"Mallomonas akrokomas",0
2014-11-07,"Monomastix astigmata",0
2014-11-07,"Oocystis pusilla",0
2014-11-07,"Peridinium cinctum",0
2014-11-07,"Staurastrum ",0
2014-11-07,"Staurastrum hexacerum",0
2014-11-07,"Stichogloea olivacea",0
2014-11-07,"Teilingia granulata",0
2014-11-07,"Pseudanabaena limnetica",0
2014-11-07,"Microspora ",0
2014-11-07,"Aphanizomenon flos-aquae",0
2014-11-07,"Eunotia ",0
2014-11-07,"Colonial ",0
2014-11-07,"Quadrigula lacustris",0
2014-11-07,"Aphanothece ",258619.0179
2014-11-07,"Chrysococcus minutus",0
2014-11-07,"Stephanodiscus medius",0
2014-11-07,"Glenodinium quadridens",0
2014-11-07,"Chrysocapsaceae",0
2015-03-06,"Aphanocapsa delicatissima",0
2015-03-06,"Chlamydomonas ",178764.1327
2015-03-06,"Cryptomonas erosa",2741.1971
2015-03-06,"Euglena ",0
2015-03-06,"Miscellaneous",8829.5474
2015-03-06,"Rhodospirillum rubrum",1733.1477
2015-03-06,"Synechococcus ",827.772
2015-03-06,"Total",271402.9433
2015-03-06,"Asterionella formosa",0
2015-03-06,"Chlorococcaceae",1064.2755
2015-03-06,"Chlorophyta",0
2015-03-06,"Chrysophyceae",679.7072
2015-03-06,"Peridinium ",0
2015-03-06,"Rhodomonas minuta",3061.0253
2015-03-06,"Synechocystis ",0
2015-03-06,"Coelastrum ",0
2015-03-06,"Gymnodinium sp. 2",0
2015-03-06,"Gymnodinium sp. 3",0
2015-03-06,"Monomastix minuta",1535.645
2015-03-06,"Oocystis parva",1231.8008
2015-03-06,"Schroederia judayi",0
2015-03-06,"Dinobryon cylindricum",0
2015-03-06,"Lindavia intermedia",0
2015-03-06,"Sphaerocystis schroeteri",0
2015-03-06,"Chrysochromulina parva",284.5956
2015-03-06,"Kephyrion ",0
2015-03-06,"Monoraphidium griffithii",0
2015-03-06,"Aphanizomenon ",0
2015-03-06,"Aphanothece saxicola",0
2015-03-06,"Kephyrion planctonicum",0
2015-03-06,"Tabellaria flocculosa",0
2015-03-06,"Oedogonium ",0
2015-03-06,"Phormidium ",0
2015-03-06,"Tabellaria binalis",0
2015-03-06,"Actinella punctata",0
2015-03-06,"Aphanothece nidulans",0
2015-03-06,"Gloeococcus minor",0
2015-03-06,"Mallomonas ",0
2015-03-06,"Planktothrix agardhii",0
2015-03-06,"Euglena acus",0
2015-03-06,"Scenedesmus bijuga",0
2015-03-06,"Dinobryon cyst",0
2015-03-06,"Mougeotia ",0
2015-03-06,"Stichococcus bacillaris",0
2015-03-06,"Gonyostomum semen",0
2015-03-06,"Mucidosphaerium pulchellum",0
2015-03-06,"Spinocosmarium ",0
2015-03-06,"Synechococcus elongatus",88.6899
2015-03-06,"Cyclotella sp. 1",0
2015-03-06,"Stephanodiscus parvus",0
2015-03-06,"Botryococcus braunii",0
2015-03-06,"Cyclotella ocellata",0
2015-03-06,"Peridinium inconspicuum",0
2015-03-06,"Uroglena ",0
2015-03-06,"Gymnodinium sp. 1",0
2015-03-06,"Peridinium umbonatum",0
2015-03-06,"Lepocinclis ",49666.2051
2015-03-06,"Dinobryon ",0
2015-03-06,"Dinobryon sociale",0
2015-03-06,"Monoraphidium arcuatum",0
2015-03-06,"Trachelomonas ",0
2015-03-06,"Cosmarium ",0
2015-03-06,"Dinobryon crenulatum",0
2015-03-06,"Fragilaria filiformis",0
2015-03-06,"Mallomonas akrokomas",0
2015-03-06,"Monomastix astigmata",0
2015-03-06,"Oocystis pusilla",0
2015-03-06,"Peridinium cinctum",0
2015-03-06,"Staurastrum ",0
2015-03-06,"Staurastrum hexacerum",0
2015-03-06,"Stichogloea olivacea",0
2015-03-06,"Teilingia granulata",0
2015-03-06,"Pseudanabaena limnetica",0
2015-03-06,"Microspora ",0
2015-03-06,"Aphanizomenon flos-aquae",0
2015-03-06,"Eunotia ",0
2015-03-06,"Colonial ",0
2015-03-06,"Quadrigula lacustris",0
2015-03-06,"Aphanothece ",20895.202
2015-03-06,"Chrysococcus minutus",0
2015-03-06,"Stephanodiscus medius",0
2015-03-06,"Glenodinium quadridens",0
2015-03-06,"Chrysocapsaceae",0
2015-04-21,"Aphanocapsa delicatissima",0
2015-04-21,"Chlamydomonas ",1885759.581
2015-04-21,"Cryptomonas erosa",0
2015-04-21,"Euglena ",0
2015-04-21,"Miscellaneous",0
2015-04-21,"Rhodospirillum rubrum",4009.5207
2015-04-21,"Synechococcus ",270.9968
2015-04-21,"Total",2501379.992
2015-04-21,"Asterionella formosa",3764.1057
2015-04-21,"Chlorococcaceae",0
2015-04-21,"Chlorophyta",0
2015-04-21,"Chrysophyceae",53696.3361
2015-04-21,"Peridinium ",0
2015-04-21,"Rhodomonas minuta",1202.2375
2015-04-21,"Synechocystis ",0
2015-04-21,"Coelastrum ",0
2015-04-21,"Gymnodinium sp. 2",5676.1378
2015-04-21,"Gymnodinium sp. 3",0
2015-04-21,"Monomastix minuta",769.8772
2015-04-21,"Oocystis parva",0
2015-04-21,"Schroederia judayi",496.6615
2015-04-21,"Dinobryon cylindricum",0
2015-04-21,"Lindavia intermedia",0
2015-04-21,"Sphaerocystis schroeteri",0
2015-04-21,"Chrysochromulina parva",0
2015-04-21,"Kephyrion ",0
2015-04-21,"Monoraphidium griffithii",0
2015-04-21,"Aphanizomenon ",0
2015-04-21,"Aphanothece saxicola",0
2015-04-21,"Kephyrion planctonicum",0
2015-04-21,"Tabellaria flocculosa",11779.4271
2015-04-21,"Oedogonium ",0
2015-04-21,"Phormidium ",0
2015-04-21,"Tabellaria binalis",0
2015-04-21,"Actinella punctata",9933.2406
2015-04-21,"Aphanothece nidulans",0
2015-04-21,"Gloeococcus minor",0
2015-04-21,"Mallomonas ",0
2015-04-21,"Planktothrix agardhii",0
2015-04-21,"Euglena acus",0
2015-04-21,"Scenedesmus bijuga",0
2015-04-21,"Dinobryon cyst",0
2015-04-21,"Mougeotia ",0
2015-04-21,"Stichococcus bacillaris",0
2015-04-21,"Gonyostomum semen",275923.3589
2015-04-21,"Mucidosphaerium pulchellum",0
2015-04-21,"Spinocosmarium ",0
2015-04-21,"Synechococcus elongatus",0
2015-04-21,"Cyclotella sp. 1",461.9254
2015-04-21,"Stephanodiscus parvus",0
2015-04-21,"Botryococcus braunii",0
2015-04-21,"Cyclotella ocellata",0
2015-04-21,"Peridinium inconspicuum",0
2015-04-21,"Uroglena ",0
2015-04-21,"Gymnodinium sp. 1",0
2015-04-21,"Peridinium umbonatum",0
2015-04-21,"Lepocinclis ",38633.2122
2015-04-21,"Dinobryon ",0
2015-04-21,"Dinobryon sociale",0
2015-04-21,"Monoraphidium arcuatum",0
2015-04-21,"Trachelomonas ",0
2015-04-21,"Cosmarium ",0
2015-04-21,"Dinobryon crenulatum",0
2015-04-21,"Fragilaria filiformis",0
2015-04-21,"Mallomonas akrokomas",0
2015-04-21,"Monomastix astigmata",110.8623
2015-04-21,"Oocystis pusilla",0
2015-04-21,"Peridinium cinctum",156882.1384
2015-04-21,"Staurastrum ",0
2015-04-21,"Staurastrum hexacerum",0
2015-04-21,"Stichogloea olivacea",0
2015-04-21,"Teilingia granulata",0
2015-04-21,"Pseudanabaena limnetica",0
2015-04-21,"Microspora ",0
2015-04-21,"Aphanizomenon flos-aquae",0
2015-04-21,"Eunotia ",0
2015-04-21,"Colonial ",0
2015-04-21,"Quadrigula lacustris",0
2015-04-21,"Aphanothece ",640.5379
2015-04-21,"Chrysococcus minutus",284.5956
2015-04-21,"Stephanodiscus medius",51085.239
2015-04-21,"Glenodinium quadridens",0
2015-04-21,"Chrysocapsaceae",0
2015-06-17,"Aphanocapsa delicatissima",0
2015-06-17,"Chlamydomonas ",1088847.465
2015-06-17,"Cryptomonas erosa",243453.0901
2015-06-17,"Euglena ",0
2015-06-17,"Miscellaneous",0
2015-06-17,"Rhodospirillum rubrum",3298.1541
2015-06-17,"Synechococcus ",88.6899
2015-06-17,"Total",1433811.75
2015-06-17,"Asterionella formosa",367.5181
2015-06-17,"Chlorococcaceae",59.1266
2015-06-17,"Chlorophyta",0
2015-06-17,"Chrysophyceae",48958.5805
2015-06-17,"Peridinium ",0
2015-06-17,"Rhodomonas minuta",473.0112
2015-06-17,"Synechocystis ",0
2015-06-17,"Coelastrum ",0
2015-06-17,"Gymnodinium sp. 2",0
2015-06-17,"Gymnodinium sp. 3",0
2015-06-17,"Monomastix minuta",15334.4655
2015-06-17,"Oocystis parva",24182.7116
2015-06-17,"Schroederia judayi",1596.4132
2015-06-17,"Dinobryon cylindricum",0
2015-06-17,"Lindavia intermedia",0
2015-06-17,"Sphaerocystis schroeteri",0
2015-06-17,"Chrysochromulina parva",426.8933
2015-06-17,"Kephyrion ",0
2015-06-17,"Monoraphidium griffithii",384.3227
2015-06-17,"Aphanizomenon ",0
2015-06-17,"Aphanothece saxicola",0
2015-06-17,"Kephyrion planctonicum",0
2015-06-17,"Tabellaria flocculosa",0
2015-06-17,"Oedogonium ",0
2015-06-17,"Phormidium ",0
2015-06-17,"Tabellaria binalis",0
2015-06-17,"Actinella punctata",0
2015-06-17,"Aphanothece nidulans",0
2015-06-17,"Gloeococcus minor",0
2015-06-17,"Mallomonas ",0
2015-06-17,"Planktothrix agardhii",0
2015-06-17,"Euglena acus",0
2015-06-17,"Scenedesmus bijuga",0
2015-06-17,"Dinobryon cyst",0
2015-06-17,"Mougeotia ",0
2015-06-17,"Stichococcus bacillaris",0
2015-06-17,"Gonyostomum semen",0
2015-06-17,"Mucidosphaerium pulchellum",0
2015-06-17,"Spinocosmarium ",0
2015-06-17,"Synechococcus elongatus",221.7204
2015-06-17,"Cyclotella sp. 1",5232.689
2015-06-17,"Stephanodiscus parvus",0
2015-06-17,"Botryococcus braunii",0
2015-06-17,"Cyclotella ocellata",0
2015-06-17,"Peridinium inconspicuum",0
2015-06-17,"Uroglena ",0
2015-06-17,"Gymnodinium sp. 1",0
2015-06-17,"Peridinium umbonatum",0
2015-06-17,"Lepocinclis ",0
2015-06-17,"Dinobryon ",0
2015-06-17,"Dinobryon sociale",0
2015-06-17,"Monoraphidium arcuatum",0
2015-06-17,"Trachelomonas ",0
2015-06-17,"Cosmarium ",0
2015-06-17,"Dinobryon crenulatum",0
2015-06-17,"Fragilaria filiformis",0
2015-06-17,"Mallomonas akrokomas",0
2015-06-17,"Monomastix astigmata",354.7594
2015-06-17,"Oocystis pusilla",0
2015-06-17,"Peridinium cinctum",0
2015-06-17,"Staurastrum ",0
2015-06-17,"Staurastrum hexacerum",0
2015-06-17,"Stichogloea olivacea",0
2015-06-17,"Teilingia granulata",0
2015-06-17,"Pseudanabaena limnetica",0
2015-06-17,"Microspora ",0
2015-06-17,"Aphanizomenon flos-aquae",0
2015-06-17,"Eunotia ",0
2015-06-17,"Colonial ",0
2015-06-17,"Quadrigula lacustris",0
2015-06-17,"Aphanothece ",532.1392
2015-06-17,"Chrysococcus minutus",0
2015-06-17,"Stephanodiscus medius",0
2015-06-17,"Glenodinium quadridens",0
2015-06-17,"Chrysocapsaceae",0
2015-07-15,"Aphanocapsa delicatissima",0
2015-07-15,"Chlamydomonas ",1241982.725
2015-07-15,"Cryptomonas erosa",125986.6021
2015-07-15,"Euglena ",0
2015-07-15,"Miscellaneous",0
2015-07-15,"Rhodospirillum rubrum",4489.6954
2015-07-15,"Synechococcus ",9755.7998
2015-07-15,"Total",1714066.04
2015-07-15,"Asterionella formosa",1308.8252
2015-07-15,"Chlorococcaceae",982.9764
2015-07-15,"Chlorophyta",0
2015-07-15,"Chrysophyceae",12897.5778
2015-07-15,"Peridinium ",0
2015-07-15,"Rhodomonas minuta",2276.3674
2015-07-15,"Synechocystis ",0
2015-07-15,"Coelastrum ",0
2015-07-15,"Gymnodinium sp. 2",0
2015-07-15,"Gymnodinium sp. 3",0
2015-07-15,"Monomastix minuta",118.2531
2015-07-15,"Oocystis parva",256437.2716
2015-07-15,"Schroederia judayi",425.7091
2015-07-15,"Dinobryon cylindricum",0
2015-07-15,"Lindavia intermedia",0
2015-07-15,"Sphaerocystis schroeteri",0
2015-07-15,"Chrysochromulina parva",1280.68
2015-07-15,"Kephyrion ",0
2015-07-15,"Monoraphidium griffithii",1170.7027
2015-07-15,"Aphanizomenon ",0
2015-07-15,"Aphanothece saxicola",0
2015-07-15,"Kephyrion planctonicum",0
2015-07-15,"Tabellaria flocculosa",0
2015-07-15,"Oedogonium ",0
2015-07-15,"Phormidium ",0
2015-07-15,"Tabellaria binalis",0
2015-07-15,"Actinella punctata",0
2015-07-15,"Aphanothece nidulans",0
2015-07-15,"Gloeococcus minor",0
2015-07-15,"Mallomonas ",0
2015-07-15,"Planktothrix agardhii",0
2015-07-15,"Euglena acus",0
2015-07-15,"Scenedesmus bijuga",0
2015-07-15,"Dinobryon cyst",14196.2578
2015-07-15,"Mougeotia ",0
2015-07-15,"Stichococcus bacillaris",0
2015-07-15,"Gonyostomum semen",0
2015-07-15,"Mucidosphaerium pulchellum",0
2015-07-15,"Spinocosmarium ",0
2015-07-15,"Synechococcus elongatus",1995.5218
2015-07-15,"Cyclotella sp. 1",1197.3103
2015-07-15,"Stephanodiscus parvus",0
2015-07-15,"Botryococcus braunii",0
2015-07-15,"Cyclotella ocellata",0
2015-07-15,"Peridinium inconspicuum",0
2015-07-15,"Uroglena ",0
2015-07-15,"Gymnodinium sp. 1",0
2015-07-15,"Peridinium umbonatum",0
2015-07-15,"Lepocinclis ",0
2015-07-15,"Dinobryon ",2217.2408
2015-07-15,"Dinobryon sociale",16259.7707
2015-07-15,"Monoraphidium arcuatum",0
2015-07-15,"Trachelomonas ",0
2015-07-15,"Cosmarium ",0
2015-07-15,"Dinobryon crenulatum",0
2015-07-15,"Fragilaria filiformis",0
2015-07-15,"Mallomonas akrokomas",0
2015-07-15,"Monomastix astigmata",166.2935
2015-07-15,"Oocystis pusilla",0
2015-07-15,"Peridinium cinctum",0
2015-07-15,"Staurastrum ",0
2015-07-15,"Staurastrum hexacerum",0
2015-07-15,"Stichogloea olivacea",0
2015-07-15,"Teilingia granulata",0
2015-07-15,"Pseudanabaena limnetica",0
2015-07-15,"Microspora ",0
2015-07-15,"Aphanizomenon flos-aquae",0
2015-07-15,"Eunotia ",0
2015-07-15,"Colonial ",0
2015-07-15,"Quadrigula lacustris",0
2015-07-15,"Aphanothece ",0
2015-07-15,"Chrysococcus minutus",0
2015-07-15,"Stephanodiscus medius",0
2015-07-15,"Glenodinium quadridens",18920.4594
2015-07-15,"Chrysocapsaceae",0
2015-08-11,"Aphanocapsa delicatissima",0
2015-08-11,"Chlamydomonas ",635887.748
2015-08-11,"Cryptomonas erosa",80352.8256
2015-08-11,"Euglena ",0
2015-08-11,"Miscellaneous",58269.1037
2015-08-11,"Rhodospirillum rubrum",2993.3674
2015-08-11,"Synechococcus ",6208.2901
2015-08-11,"Total",1156824.059
2015-08-11,"Asterionella formosa",0
2015-08-11,"Chlorococcaceae",1995.5218
2015-08-11,"Chlorophyta",0
2015-08-11,"Chrysophyceae",38928.6823
2015-08-11,"Peridinium ",0
2015-08-11,"Rhodomonas minuta",0
2015-08-11,"Synechocystis ",0
2015-08-11,"Coelastrum ",0
2015-08-11,"Gymnodinium sp. 2",0
2015-08-11,"Gymnodinium sp. 3",1596.4132
2015-08-11,"Monomastix minuta",2874.1057
2015-08-11,"Oocystis parva",137823.729
2015-08-11,"Schroederia judayi",2660.6852
2015-08-11,"Dinobryon cylindricum",0
2015-08-11,"Lindavia intermedia",0
2015-08-11,"Sphaerocystis schroeteri",0
2015-08-11,"Chrysochromulina parva",1921.0201
2015-08-11,"Kephyrion ",0
2015-08-11,"Monoraphidium griffithii",0
2015-08-11,"Aphanizomenon ",0
2015-08-11,"Aphanothece saxicola",0
2015-08-11,"Kephyrion planctonicum",0
2015-08-11,"Tabellaria flocculosa",0
2015-08-11,"Oedogonium ",0
2015-08-11,"Phormidium ",0
2015-08-11,"Tabellaria binalis",0
2015-08-11,"Actinella punctata",0
2015-08-11,"Aphanothece nidulans",28309.7063
2015-08-11,"Gloeococcus minor",0
2015-08-11,"Mallomonas ",8514.2074
2015-08-11,"Planktothrix agardhii",0
2015-08-11,"Euglena acus",0
2015-08-11,"Scenedesmus bijuga",0
2015-08-11,"Dinobryon cyst",0
2015-08-11,"Mougeotia ",143677.2343
2015-08-11,"Stichococcus bacillaris",0
2015-08-11,"Gonyostomum semen",0
2015-08-11,"Mucidosphaerium pulchellum",0
2015-08-11,"Spinocosmarium ",0
2015-08-11,"Synechococcus elongatus",2328.1088
2015-08-11,"Cyclotella sp. 1",0
2015-08-11,"Stephanodiscus parvus",0
2015-08-11,"Botryococcus braunii",0
2015-08-11,"Cyclotella ocellata",0
2015-08-11,"Peridinium inconspicuum",0
2015-08-11,"Uroglena ",0
2015-08-11,"Gymnodinium sp. 1",0
2015-08-11,"Peridinium umbonatum",0
2015-08-11,"Lepocinclis ",0
2015-08-11,"Dinobryon ",0
2015-08-11,"Dinobryon sociale",0
2015-08-11,"Monoraphidium arcuatum",0
2015-08-11,"Trachelomonas ",0
2015-08-11,"Cosmarium ",0
2015-08-11,"Dinobryon crenulatum",0
2015-08-11,"Fragilaria filiformis",0
2015-08-11,"Mallomonas akrokomas",0
2015-08-11,"Monomastix astigmata",0
2015-08-11,"Oocystis pusilla",0
2015-08-11,"Peridinium cinctum",0
2015-08-11,"Staurastrum ",0
2015-08-11,"Staurastrum hexacerum",0
2015-08-11,"Stichogloea olivacea",0
2015-08-11,"Teilingia granulata",0
2015-08-11,"Pseudanabaena limnetica",0
2015-08-11,"Microspora ",0
2015-08-11,"Aphanizomenon flos-aquae",0
2015-08-11,"Eunotia ",0
2015-08-11,"Colonial ",0
2015-08-11,"Quadrigula lacustris",0
2015-08-11,"Aphanothece ",88.6899
2015-08-11,"Chrysococcus minutus",0
2015-08-11,"Stephanodiscus medius",0
2015-08-11,"Glenodinium quadridens",0
2015-08-11,"Chrysocapsaceae",2394.6198
2015-11-17,"Aphanocapsa delicatissima",0
2015-11-17,"Chlamydomonas ",6811.3659
2015-11-17,"Cryptomonas erosa",0
2015-11-17,"Euglena ",0
2015-11-17,"Miscellaneous",0
2015-11-17,"Rhodospirillum rubrum",6872.3546
2015-11-17,"Synechococcus ",434.5803
2015-11-17,"Total",265331.473
2015-11-17,"Asterionella formosa",752.5745
2015-11-17,"Chlorococcaceae",141.9038
2015-11-17,"Chlorophyta",0
2015-11-17,"Chrysophyceae",170065.6563
2015-11-17,"Peridinium ",4276.2676
2015-11-17,"Rhodomonas minuta",0
2015-11-17,"Synechocystis ",0
2015-11-17,"Coelastrum ",0
2015-11-17,"Gymnodinium sp. 2",0
2015-11-17,"Gymnodinium sp. 3",0
2015-11-17,"Monomastix minuta",598.6565
2015-11-17,"Oocystis parva",57281.685
2015-11-17,"Schroederia judayi",702.4216
2015-11-17,"Dinobryon cylindricum",0
2015-11-17,"Lindavia intermedia",0
2015-11-17,"Sphaerocystis schroeteri",0
2015-11-17,"Chrysochromulina parva",0
2015-11-17,"Kephyrion ",0
2015-11-17,"Monoraphidium griffithii",0
2015-11-17,"Aphanizomenon ",0
2015-11-17,"Aphanothece saxicola",0
2015-11-17,"Kephyrion planctonicum",0
2015-11-17,"Tabellaria flocculosa",14626.122
2015-11-17,"Oedogonium ",0
2015-11-17,"Phormidium ",0
2015-11-17,"Tabellaria binalis",0
2015-11-17,"Actinella punctata",1402.0645
2015-11-17,"Aphanothece nidulans",0
2015-11-17,"Gloeococcus minor",0
2015-11-17,"Mallomonas ",0
2015-11-17,"Planktothrix agardhii",0
2015-11-17,"Euglena acus",0
2015-11-17,"Scenedesmus bijuga",0
2015-11-17,"Dinobryon cyst",0
2015-11-17,"Mougeotia ",0
2015-11-17,"Stichococcus bacillaris",0
2015-11-17,"Gonyostomum semen",0
2015-11-17,"Mucidosphaerium pulchellum",0
2015-11-17,"Spinocosmarium ",0
2015-11-17,"Synechococcus elongatus",35.4759
2015-11-17,"Cyclotella sp. 1",0
2015-11-17,"Stephanodiscus parvus",0
2015-11-17,"Botryococcus braunii",0
2015-11-17,"Cyclotella ocellata",0
2015-11-17,"Peridinium inconspicuum",0
2015-11-17,"Uroglena ",0
2015-11-17,"Gymnodinium sp. 1",0
2015-11-17,"Peridinium umbonatum",0
2015-11-17,"Lepocinclis ",0
2015-11-17,"Dinobryon ",0
2015-11-17,"Dinobryon sociale",1330.3445
2015-11-17,"Monoraphidium arcuatum",0
2015-11-17,"Trachelomonas ",0
2015-11-17,"Cosmarium ",0
2015-11-17,"Dinobryon crenulatum",0
2015-11-17,"Fragilaria filiformis",0
2015-11-17,"Mallomonas akrokomas",0
2015-11-17,"Monomastix astigmata",0
2015-11-17,"Oocystis pusilla",0
2015-11-17,"Peridinium cinctum",0
2015-11-17,"Staurastrum ",0
2015-11-17,"Staurastrum hexacerum",0
2015-11-17,"Stichogloea olivacea",0
2015-11-17,"Teilingia granulata",0
2015-11-17,"Pseudanabaena limnetica",0
2015-11-17,"Microspora ",0
2015-11-17,"Aphanizomenon flos-aquae",0
2015-11-17,"Eunotia ",0
2015-11-17,"Colonial ",0
2015-11-17,"Quadrigula lacustris",0
2015-11-17,"Aphanothece ",0
2015-11-17,"Chrysococcus minutus",0
2015-11-17,"Stephanodiscus medius",0
2015-11-17,"Glenodinium quadridens",0
2015-11-17,"Chrysocapsaceae",0
